"code";"libellé";"description";"type";"format";"minimum";"maximum";"enum";"granularity";"constraint";"reference"
"BM";"commune_bib";"Commune de la bibliothèque";"string";"default";;;;;;
"Type rapport";"type_rapport";"Type de rapport : abrégé / basique / patrimoine";"string";"default";;;"abrégé, basique, patrimoine";;;
"Avancement";"etat_avancement";"Etat d’avancement du remplissage du rapport";"integer";"default";0;100;;;;
"Typologie";"typologie";"Typologie des bibliothèques, après 2023";"string";"default";;;"A, B, C, D, E";;;
"Typologie2C";"typologie_2c";"Typologie des bibliothèques, avant 2023";"string";"default";;;"B1, B2, B3, B4, B5";;;
"Code";"code_bib";"Code de la bibliothèque";"string";"default";;;;"annuel";"unique";"Neoscrib"
"A101";"nom_etablissement";"Nom de l'établissement";"string";"default";;;;;;
"A102";"libelle_etablissement";"Complément au nom de l’établissement";"string";"default";;;;;;
"A103";"complement_adresse";"Complément d'adresse";"string";"default";;;;;;
"A104";"numero_voie";"N°";"string";"default";;;;;;
"A105";"type_voie";"Type voie";"string";"default";;;;;;
"A106";"nom_voie";"Nom voie";"string";"default";;;;;;
"A107";"code_postal";"Code postal";"integer";"default";;;;;;
"A108";"ville";"Ville";"string";"default";;;;;;
"A109";"cedex";"Cedex";"string";"default";;;;;;
"A112";"telephone";"Téléphone *";"integer";"default";;;;;;
"A113";"fax";"Fax - Obsolète - ne pas utiliser";;;;;;;;
"A114";"courriel";"Adresse de courriel générique de l'établissement";"string";"email";;;;"annuel";"email";
"A115";"site_internet";"Adresse du site Internet de la bibliothèque";"string";"uri";;;;;;
"A116";"statut_site_internet";"Statut site";"string";"default";;;"Propre, Page sur le site de la collectivité, Page sur le site de la bibliothèque départementale";;;
"A119";"informations_adresse_mail";"La bibliothèque accepte que son adresse mail principale soit utilisée pour recevoir des informations professionnelles en provenance du Ministère de la Culture.";"boolean";"default";;;;;;
"A121";"site_internet_accessible";"La bibliothèque a-t-elle déposé une attestation de conformité de son site web aux exigences du Référentiel général d'accessibilité pour les administrations (RGAA) ?";"boolean";"default";;;;;;
"A130";"civilite_direction";"Civilité de la personne responsable de la bibliothèque";"string";"default";;;"M., Mme";"annuel";;
"A131";"nom_direction";"Nom de la personne responsable de la bibliothèque";"string";"default";;;;"annuel";;
"A132";"prenom_direction";"Prénom de la personne responsable de la bibliothèque";"string";"default";;;;"annuel";;
"A133";"statut_direction";"Statut et grade de la personne responsable de la bibliothèque";"string";"default";;;;"annuel";;
"A200";"population_collectivite";"Population de la collectivité de rattachement (commune ou groupement de communes)";"integer";"default";;;;;;
"A203";"population_etablissement";"Population effective desservie par l’établissement";"integer";"default";;;;;;
"C101";"amplitude_horaire";"Nombre d'heures d'ouverture hebdomadaires tout public";"integer";"default";0;168;;;;
"C102";"nb_jours_ouverture_annuels";"Nombre de jours d'ouverture annuels";"integer";"default";0;365;;;;
"C103";"nb_places";"Nombre de places assises disponibles";"integer";"default";;;;;;
"C106";"nb_postes_informatiques_publics";"Nombre de postes informatiques publics avec accès internet";"integer";"default";;;;;;
"C108";"nb_postes_informatiques_pro";"Nombre de postes informatiques professionnels avec accès internet";"integer";"default";;;;;;
"C110";"nb_imprimantes_en_acces_public";"Nombre d'imprimantes en accès public";"integer";"default";;;;;;
"C112";"nb_bibliobus";"Nombre de bibliobus";"integer";"default";;;;;;
"C115";"nb_jours_ouverture_hebdos";"Nombre de jours d’ouverture hebdomadaires";"integer";"default";0;7;;;;
"C116";"ouverture_le_dimanche";"La bibliothèque est-elle ouverte le dimanche ?";"boolean";"default";;;;;;
"C117";"nb_tablettes_mises_a_disposition";"Tablettes mises à la disposition du public";"integer";"default";;;;;;
"C118";"nb_liseuses_mises_a_disposition";"Liseuses mises à la disposition du public";"integer";"default";;;;;;
"C119";"nb_bornes_decoute";"Bornes d’écoute";"integer";"default";;;;;;
"C120";"connexion_wifi";"Accès wifi";"boolean";"default";;;;;;
"C121";"nb_consoles_jeux_video";"Nombre de consoles de jeux vidéo";"integer";"default";;;;;;
"C201";"catalogue_informatise";"Le catalogue de la bibliothèque est-il informatisé ?";"boolean";"default";;;;;;
"C202";"nb_notices_catalogue";"Nombre total de notices au catalogue";"integer";"default";;;;;;
"C206";"nom_et_version_sigb";"Nom et version du système de gestion de la bibliothèque";"string";"default";;;;;;
"C301";"surface";"Surface utile nette totale en m2";"integer";"default";;50000;;;;
"C309";"batiment_accessible";"Votre bâtiment est-il accessible au sens de la loi du 11 février 2005 ?";"boolean";"default";;;;;;
"D101";"impr_adultes_fonds";"Imprimés - Adultes - Livres imprimés - UM - Fonds (hors desserte BD)";"integer";"default";;;;;;
"D102";"impr_adultes_acquisitions";"Imprimés - Adultes - Livres imprimés - UM - Acquisitions";"integer";"default";;;;;;
"D103";"impr_adultes_eliminations";"Imprimés - Adultes - Livres imprimés - UM - Eliminations";"integer";"default";;;;;;
"D116";"impr_enfants_fonds";"Imprimés - Enfants - Livres imprimés - UM - Fonds (hors desserte BD)";"integer";"default";;;;;;
"D117";"impr_enfants_acquisitions";"Imprimés - Enfants - Livres imprimés - UM - Acquisitions";"integer";"default";;;;;;
"D118";"impr_enfants_eliminations";"Imprimés - Enfants - Livres imprimés - UM - Eliminations";"integer";"default";;;;;;
"D128";"nb_total_livres_fonds";"Imprimés - Total - Livres imprimés - UM - Fonds (hors desserte BD)";"integer";"default";;;;;;
"D129";"nb_total_livres_acquisitions";"Imprimés - Total - Livres imprimés - UM - Acquisitions";"integer";"default";;;;;;
"D130";"nb_total_livres_eliminations";"Imprimés - Total - Livres imprimés - UM - Eliminations";"integer";"default";;;;;;
"D131";"nb_livres_dons";"Imprimés - Total - Livres imprimés - dont nombre de dons (ou autres acquisitions à titre gracieux, …) - UM - Acquisitions";"integer";"default";;;;;;
"D142";"impr_enfants_depot_bd";"Imprimés - Enfants - Livres imprimés - UM - En dépôt de la BD au 31 décembre 2023";"integer";"default";;;;;;
"D143";"impr_total_depot_bd";"Imprimés -Total - Livres imprimés - UM - En dépôt de la BD au 31 décembre 2023";"integer";"default";;;;;;
"D144";"impr_adultes_depot_bd";"Imprimés - Adultes - Livres imprimés - UM - En dépôt de la BD au 31 décembre 2023";"integer";"default";;;;;;
"D201";"nb_abos_perios_impr_en_cours_adultes";"Publications en série en cours - Imprimées- Adultes - Abonnements";"integer";"default";;;;;;
"D203";"nb_abos_perios_impr_en_cours_enfants";"Publications en série imprimées en cours - Imprimées - Enfants - Abonnements";"integer";"default";;;;;;
"D211";"nb_abos_perios_impr_en_cours_total";"Publications en série imprimées en cours - Total - Abonnements";"integer";"default";;;;;;
"D301";"pat_manuscrits_fonds_ml";"Patrimoine - fonds et acquisitions - manuscrits - fonds - (ML)";"integer";"default";;;;;;
"D302";"pat_manuscrits_acquisitions_ml";"Patrimoine - fonds et acquisitions - manuscrits - acquisitions - (ML)";"integer";"default";;;;;;
"D303";"pat_manuscrits_fonds_um";"Patrimoine - fonds et acquisitions - manuscrits - fonds - (UM)";"integer";"default";;;;;;
"D304";"pat_manuscrits_acquisitions_um";"Patrimoine - fonds et acquisitions - manuscrits - acquisitions - (UM)";"integer";"default";;;;;;
"D307";"documents_cartographiques_fonds_um";"Autres documents - Documents cartographiques - UM - Fonds";"integer";"default";;;;;;
"D308";"documents_cartographiques_acquisitions_um";"Autres documents - Documents cartographiques - UM - Acquisitions";"integer";"default";;;;;;
"D309";"musique_imprimee_fonds_um";"Autres documents - Musique imprimée - UM - Fonds";"integer";"default";;;;;;
"D310";"musique_imprimee_acquisitions_um";"Autres documents - Musique imprimée - UM - Acquisitions";"integer";"default";;;;;;
"D314";"documents_graphiques_fonds_um";"Autres documents - Documents graphiques - UM - Fonds";"integer";"default";;;;;;
"D315";"documents_graphiques_acquisitions_um";"Autres documents - Documents graphiques - UM - Acquisitions";"integer";"default";;;;;;
"D320";"autres_documents_total_eliminations_um";"Autres documents - UM - Total éliminations autres documents";"integer";"default";;;;;;
"D321";"autres_documents_total_fonds_um";"Autres documents - Totalisation Abrégé -Fonds";"integer";"default";;;;;;
"D322";"autres_documents_total_acquisitions_um";"Autres documents - Totalisation Abrégé -Acquisitions";"integer";"default";;;;;;
"D331";"autres_types_documents";"Est-ce que la bibliothèque possède d’autres types de documents ?";"boolean";"default";;;;;;
"D332";"jeux_societe_fonds";"Jeux de société - Fonds";"integer";"default";;;;;;
"D333";"jeux_societe_acquisitions";"Jeux de société - Acquisitions";"integer";"default";;;;;;
"D334";"objets_fonds";"Objets - Fonds";"integer";"default";;;;;;
"D335";"objets_acquisitions";"Objets - Acquisitions";"integer";"default";;;;;;
"D336";"instruments_fonds";"Instruments - Fonds";"integer";"default";;;;;;
"D337";"instruments_acquisitions";"Instruments - Acquisitions";"integer";"default";;;;;;
"D338";"objets_numerique_fonds";"Objets numériques - Fonds";"integer";"default";;;;;;
"D339";"objets_numerique_acquisitions";"Objets numériques - Acquisitions";"integer";"default";;;;;;
"D340";"autres_types_documents_pretes_par_bd";"Autres types de documents prêtés par la BD";"integer";"default";;;;;;
"D401";"documents_audiovisuels_support_musique_fonds_um";"Documents audiovisuels sur support - Documents sonores : musique - Sur support (UM) - Total Fonds";"integer";"default";;;;;;
"D402";"documents_audiovisuels_support_musique_acquisitions_um";"Documents audiovisuels sur support - Documents sonores : musique - Sur support (UM) - Total Acquisitions";"integer";"default";;;;;;
"D405";"documents_audiovisuels_support_livres_enregistres_fonds_um";"Documents audiovisuels sur support - Documents sonores : livres enregistrés - Sur support (UM) -Total Fonds";"integer";"default";;;;;;
"D406";"documents_audiovisuels_support_livres_enregistres_acquisitions_um";"Documents audiovisuels sur support- Documents sonores : livres enregistrés - Sur support (UM) - Total Acquisitions";"integer";"default";;;;;;
"D409";"documents_audiovisuels_support_total_documents_sonores_fonds_um";"Documents audiovisuels sur support- Total documents sonores - Sur support (UM) - Total Fonds (hors desserte BD)";"integer";"default";;;;;;
"D410";"documents_audiovisuels_support_total_documents_sonores_acquisitions_um";"Documents audiovisuels sur support- Total documents sonores - Sur support (UM) - Total Acquisitions";"integer";"default";;;;;;
"D411";"documents_audiovisuels_support_total_documents_video_fonds_um";"Documents audiovisuels sur support- Documents vidéo - Sur support (UM) - Total Fonds (hors desserte BD)";"integer";"default";;;;;;
"D412";"documents_audiovisuels_support_total_documents_video_acquisitions_um";"Documents audiovisuels sur support - Documents vidéo - Sur support (UM) - Total Acquisitions";"integer";"default";;;;;;
"D416";"documents_audiovisuels_support_musique_eliminations_um";"Documents audiovisuels sur support - Documents sonores : musique: - Sur support (UM) - Total Éliminations";"integer";"default";;;;;;
"D417";"documents_audiovisuels_support_livres_enregistres_eliminations_um";"Documents audiovisuels sur support - Documents sonores : livres enregistrés -Sur support (UM) - Total Éliminations";"integer";"default";;;;;;
"D418";"documents_audiovisuels_support_total_documents_sonores_eliminations_um";"Documents audiovisuels sur support - Total documents sonores - Sur support (UM) - Total éliminations";"integer";"default";;;;;;
"D419";"documents_audiovisuels_support_total_documents_video_eliminations_um";"Documents audiovisuels sur support - Documents vidéo - Sur support (UM) - Total éliminations";"integer";"default";;;;;;
"D423";"documents_audiovisuels_support_livres_enregistres_adultes_fonds_um";"Documents audiovisuels sur support - Documents sonores : livres enregistrés - Sur support (UM) - Fonds adultes";"integer";"default";;;;;;
"D424";"documents_audiovisuels_support_livres_enregistres_adultes_acquisitions_um";"Documents audiovisuels sur support- Documents sonores : livres enregistrés - Sur support (UM) - Acquisitions adultes";"integer";"default";;;;;;
"D425";"documents_audiovisuels_support_livres_enregistres_adultes_eliminations_um";"Documents audiovisuels sur support- Documents sonores : livres enregistrés - Sur support (UM) - Eliminations adultes";"integer";"default";;;;;;
"D429";"documents_audiovisuels_support_video_adultes_fonds_um";"Documents audiovisuels sur support- Documents vidéo - Sur support (UM) - Fonds adultes";"integer";"default";;;;;;
"D430";"documents_audiovisuels_support_video_adultes_acquisitions_um";"Documents audiovisuels sur support - Documents vidéo - Sur support (UM) - Acquisitions adultes";"integer";"default";;;;;;
"D431";"documents_audiovisuels_support_video_adultes_eliminations_um";"Documents audiovisuels sur support - Documents vidéo - Sur support (UM) - Eliminations adultes";"integer";"default";;;;;;
"D435";"documents_audiovisuels_support_livres_enregistres_jeunesse_fonds_um";"Documents audiovisuels sur support - Documents sonores : livres enregistrés jeunesse - Sur support (UM) - Fonds enfants";"integer";"default";;;;;;
"D436";"documents_audiovisuels_support_livres_enregistres_jeunesse_acquisitions_um";"Documents audiovisuels sur support- Documents sonores : livres enregistrés jeunesse - Sur support (UM) - Acquisitions enfants";"integer";"default";;;;;;
"D437";"documents_audiovisuels_support_livres_enregistres_jeunesse_eliminations_um";"Documents audiovisuels sur support- Documents sonores : livres enregistrés jeunesse - Sur support (UM) - Eliminations enfants";"integer";"default";;;;;;
"D441";"documents_audiovisuels_support_video_jeunesse_fonds_um";"Documents audiovisuels sur support- Documents vidéo jeunesse  - Sur support (UM) - Fonds";"integer";"default";;;;;;
"D442";"documents_audiovisuels_support_video_jeunesse_acquisitions_um";"Documents audiovisuels sur support - Documents vidéo jeunesse - Sur support (UM) - Acquisitions";"integer";"default";;;;;;
"D443";"documents_audiovisuels_support_video_jeunesse_eliminations_um";"Documents audiovisuels sur support - Documents vidéo jeunesse - Sur support (UM) - Eliminations ";"integer";"default";;;;;;
"D444";"documents_audiovisuels_support_jeux_videos_fonds_um";"Documents audiovisuels sur support - Jeux vidéos - Sur support (UM)";"integer";"default";;;;;;
"D445";"documents_audiovisuels_support_jeux_video_acquisitions_um";"Documents audiovisuels sur support- Jeux vidéo - Sur support (UM) - Acquisitions";"integer";"default";;;;;;
"D446";"documents_audiovisuels_support_jeux_video_eliminations_um";"Documents audiovisuels sur support - Jeux vidéo - Sur support (UM) - Eliminations";"integer";"default";;;;;;
"D447";"documents_audiovisuels_support_total_documents_sonores_depot_um";"Documents audiovisuels sur support- Total documents sonores - Sur support (UM) - En dépôt de la BD au 31 décembre";"integer";"default";;;;;;
"D448";"documents_audiovisuels_support_total_documents_video_depot_um";"Documents audiovisuels sur support- Total documents sonores - Sur support (UM) - En dépôt de la BD au 31 décembre";"integer";"default";;;;;;
"D450";"fonds_cd_dvd";"La bibliothèque possède-t-elle des fonds de CD ou de DVD ?";"boolean";"default";;;;;;
"D521";"ress_num_acq_livres";"Ressources numériques acquises - bouquets - livres - boolean";"boolean";"default";;;;;;
"D522";"ress_num_acq_livres_fournisseurs";"Ressources numériques acquises - bouquets - livres - nom des offres";"string";"default";;;;;;
"D523";"ress_num_acq_livres_audio";"Ressources numériques acquises - bouquets - livres enregistrés - boolean";"boolean";"default";;;;;;
"D524";"ress_num_acq_livres_fournisseurs";"Ressources numériques acquises - bouquets - livres enregistrés - nom des offres";"string";"default";;;;;;
"D527";"ress_num_acq_musique";"Ressources numériques acquises - bouquets - musique - boolean";"boolean";"default";;;;;;
"D528";"ress_num_acq_musique_fournisseurs";"Ressources numériques acquises - bouquets - musique - nom des offres";"string";"default";;;;;;
"D529";"ress_num_acq_video";"Ressources numériques acquises - bouquets - vidéo - boolean";"boolean";"default";;;;;;
"D530";"ress_num_acq_video_fournisseurs";"Ressources numériques acquises - bouquets - vidéo - nom des offres";"string";"default";;;;;;
"D531";"ress_num_acq_presse";"Ressources numériques acquises - bouquets - presse - boolean";"boolean";"default";;;;;;
"D532";"ress_num_acq_presse_fournisseurs";"Ressources numériques acquises - bouquets - presse - nom des offres";"string";"default";;;;;;
"D533";"ress_num_acq_apprentissage";"Ressources numériques acquises - bouquets - apprentissage en ligne - boolean";"boolean";"default";;;;;;
"D534";"ress_num_acq_apprentissag_fournisseurs";"Ressources numériques acquises - bouquets - apprentissage en ligne - nom des offres";"string";"default";;;;;;
"D537";"ress_num_acq_autres";"Ressources numériques acquises - bouquets - autres bouquets de ressources numériques - boolean";"boolean";"default";;;;;;
"D538";"ress_num_acq_autres_fournisseurs";"Ressources numériques acquises - bouquets - autres bouquets de ressources numériques - nom des offres";"string";"default";;;;;;
"D551";"ress_num_via_bd";"La bibliothèque propose-t-elle des ressources numériques via la BD ?";"boolean";"default";;;;;;
"D552";"ress_num_acq";"La bibliothèque propose-t-elle des ressources numériques propres ?";"boolean";"default";;;;;;
"D553";"ress_num_acq_jv";"Jeux vidéo dématérialisés - boolean";"boolean";"default";;;;;;
"D554";"ress_num_acq_jv_fournisseurs";"Jeux vidéo dématérialisés - Nom des offres";"string";"default";;;;;;
"D601";"bib_prod_ress_num";"La bibliothèque est-elle productrice de ressources numériques ( hors numérisation patrimoniale) ?";"boolean";"default";;;;;;
"D611";"ress_num_prod_musique";"Ressources numériques produites par l’établissement - Musique, enregistrements sonores - boolean";"boolean";"default";;;;;;
"D613";"ress_num_prod_musique_nb_docs";"Ressources numériques produites par l’établissement - Musique, enregistrements sonores - nombre de documents produits dans l’année";"integer";"default";;;;;;
"D614";"ress_num_prod_video";"Ressources numériques produites par l’établissement - Vidéo (dont captations) - boolean";"boolean";"default";;;;;;
"D616";"ress_num_prod_video_nb_docs";"Ressources numériques produites par l’établissement - Vidéo (dont captations) - nombre de documents produits dans l’année";"integer";"default";;;;;;
"D620";"ress_num_prod_signalement";"Ressources numériques produites par l’établissement - Signalement de ressources gratuites - boolean";"boolean";"default";;;;;;
"D622";"ress_num_prod_signalement_nb_docs";"Ressources numériques produites par l’établissement - Signalement de ressources gratuites - nombre de documents produits dans l’année";"integer";"default";;;;;;
"D626";"ress_num_prod_ress_pedagogique";"Ressources numériques produites par l’établissement - Ressources pédagogiques - boolean";"boolean";"default";;;;;;
"D628";"ress_num_prod_ress_pedagogique_nb_docs";"Ressources numériques produites par l’établissement - Ressources pédagogiques - nombre de documents produits dans l’année";"integer";"default";;;;;;
"D701";"collections_adaptees";"La bibliothèque propose-t-elle des collections adaptées ?";"boolean";"default";;;;;;
"D702";"braille";"Braille";"boolean";"default";;;;;;
"D703";"ouvrages_daisy";"Ouvrages en Daisy";"boolean";"default";;;;;;
"D704";"revues_synthese_vocale";"Revues en synthèse vocale";"boolean";"default";;;;;;
"D705";"livres_dvd_langue_des_signes";"Livres-DVD en langue des signes française (LSF)";"boolean";"default";;;;;;
"D706";"livres_tactiles_ou_relief";"Livres tactiles ou en relief";"boolean";"default";;;;;;
"D707";"autres_collections_adaptees";"Autres collections adaptées";"boolean";"default";;;;;;
"D708";"livres_en_gros_caracteres";"Livres en gros caractères";"boolean";"default";;;;;;
"D709";"livres_lus_commerce";"Livres lus du commerce";"boolean";"default";;;;;;
"D710";"livres_num_accessibles";"Livres numériques accessibles";"boolean";"default";;;;;;
"E101";"particuliers_total_inscrits_actifs";"Usagers - Particuliers - Inscrits actifs";"integer";"default";;;;;;
"E102";"particuliers_total_nouveaux_inscrits";"Usagers - Particuliers - dont nouveaux inscrits";"integer";"default";;;;;;
"E103";"particuliers_total_emprunteurs_actifs";"Usagers - Particuliers - dont emprunteurs actifs";"integer";"default";;;;;;
"E104";"particuliers_enfants_hommes_inscrits_actifs";"Usagers - Particuliers - dont Enfants (de 0 à 14 ans) Hommes - Inscrits actifs";"integer";"default";;;;;;
"E105";"particuliers_enfants_hommes_nouveaux_inscrits";"Usagers - Particuliers - dont Enfants (de 0 à 14 ans) Hommes - dont nouveaux inscrits";"integer";"default";;;;;;
"E106";"particuliers_enfants_hommes_emprunteurs_actifs";"Usagers - Particuliers - dont Enfants (de 0 à 14 ans) Hommes - dont emprunteurs actifs";"integer";"default";;;;;;
"E107";"particuliers_enfants_femmes_inscrits_actifs";"Usagers - Particuliers - dont Enfants (de 0 à 14 ans) Femmes - Inscrits actifs";"integer";"default";;;;;;
"E108";"particuliers_enfants_femmes_nouveaux_inscrits";"Usagers - Particuliers - dont Enfants (de 0 à 14 ans) Femmes - dont nouveaux inscrits";"integer";"default";;;;;;
"E109";"particuliers_enfants_femmes_emprunteurs_actifs";"Usagers - Particuliers - dont Enfants (de 0 à 14 ans) Femmes - dont emprunteurs actifs";"integer";"default";;;;;;
"E110";"particuliers_enfants_total_inscrits_actifs";"Usagers - Particuliers - dont Enfants (de 0 à 14 ans) Total - Inscrits actifs";"integer";"default";;;;;;
"E111";"particuliers_enfants_total_nouveaux_inscrits";"Usagers - Particuliers - dont Enfants (de 0 à 14 ans) Total - dont nouveaux inscrits";"integer";"default";;;;;;
"E112";"particuliers_enfants_total_emprunteurs_actifs";"Usagers - Particuliers - dont Enfants (de 0 à 14 ans) Total - dont emprunteurs actifs";"integer";"default";;;;;;
"E113";"particuliers_adultes_hommes_inscrits_actifs";"Usagers - Particuliers - dont Adultes (de 15 à 64 ans) Hommes - Inscrits actifs";"integer";"default";;;;;;
"E114";"particuliers_adultes_hommes_nouveaux_inscrits";"Usagers - Particuliers - dont Adultes (de 15 à 64 ans) Hommes - dont nouveaux inscrits";"integer";"default";;;;;;
"E115";"particuliers_adultes_hommes_emprunteurs_actifs";"Usagers - Particuliers - dont Adultes (de 15 à 64 ans) Hommes - dont emprunteurs actifs";"integer";"default";;;;;;
"E116";"particuliers_adultes_femmes_inscrits_actifs";"Usagers - Particuliers - dont Adultes (de 15 à 64 ans) Femmes - Inscrits actifs";"integer";"default";;;;;;
"E117";"particuliers_adultes_femmes_nouveaux_inscrits";"Usagers - Particuliers - dont Adultes (de 15 à 64 ans) Femmes - dont nouveaux inscrits";"integer";"default";;;;;;
"E118";"particuliers_adultes_femmes_emprunteurs_actifs";"Usagers - Particuliers - dont Adultes (de 15 à 64 ans) Femmes - dont emprunteurs actifs";"integer";"default";;;;;;
"E119";"particuliers_adultes_total_inscrits_actifs";"Usagers - Particuliers - dont Adultes (de 15 à 64 ans) Total - Inscrits actifs";"integer";"default";;;;;;
"E120";"particuliers_adultes_total_nouveaux_inscrits";"Usagers - Particuliers - dont Adultes (de 15 à 64 ans) Total - dont nouveaux inscrits";"integer";"default";;;;;;
"E121";"particuliers_adultes_total_emprunteurs_actifs";"Usagers - Particuliers - dont Adultes (de 15 à 64 ans) Total - dont emprunteurs actifs";"integer";"default";;;;;;
"E122";"particuliers_adultes_65_hommes_inscrits_actifs";"Usagers - Particuliers - dont Adultes (de 65 ans et plus) Hommes - Inscrits actifs";"integer";"default";;;;;;
"E123";"particuliers_adultes_65_hommes_nouveaux_inscrits";"Usagers - Particuliers - dont Adultes (de 65 ans et plus) Hommes - dont nouveaux inscrits";"integer";"default";;;;;;
"E124";"particuliers_adultes_65_hommes_emprunteurs_actifs";"Usagers - Particuliers - dont Adultes (de 65 ans et plus) Hommes - dont emprunteurs actifs";"integer";"default";;;;;;
"E125";"particuliers_adultes_65_femmes_inscrits_actifs";"Usagers - Particuliers - dont Adultes (de 65 ans et plus) Femmes - Inscrits actifs";"integer";"default";;;;;;
"E126";"particuliers_adultes_65_femmes_nouveaux_inscrits";"Usagers - Particuliers - dont Adultes (de 65 ans et plus) Femmes - dont nouveaux inscrits";"integer";"default";;;;;;
"E127";"particuliers_adultes_65_femmes_emprunteurs_actifs";"Usagers - Particuliers - dont Adultes (de 65 ans et plus) Femmes - dont emprunteurs actifs";"integer";"default";;;;;;
"E128";"particuliers_adultes_65_total_inscrits_actifs";"Usagers - Particuliers - dont Adultes (de 65 ans et plus) Total - Inscrits actifs";"integer";"default";;;;;;
"E129";"particuliers_adultes_65_total_nouveaux_inscrits";"Usagers - Particuliers - dont Adultes (de 65 ans et plus) Total - dont nouveaux inscrits";"integer";"default";;;;;;
"E130";"particuliers_adultes_65_total_emprunteurs_actifs";"Usagers - Particuliers - dont Adultes (de 65 ans et plus) Total - dont emprunteurs actifs";"integer";"default";;;;;;
"E131";"particuliers_total_adultes_hommes_inscrits_actifs";"Usagers - Particuliers - Total adultes Hommes - Inscrits actifs";"integer";"default";;;;;;
"E132";"particuliers_total_adultes_hommes_nouveaux_inscrits";"Usagers - Particuliers - Total adultes Hommes - dont nouveaux inscrits";"integer";"default";;;;;;
"E133";"particuliers_total_adultes_hommes_emprunteurs_actifs";"Usagers - Particuliers - Total adultes Hommes - dont emprunteurs actifs";"integer";"default";;;;;;
"E134";"particuliers_total_adultes_femmes_inscrits_actifs";"Usagers - Particuliers - Total adultes Femmes - Inscrits actifs";"integer";"default";;;;;;
"E135";"particuliers_total_adultes_femmes_nouveaux_inscrits";"Usagers - Particuliers - Total adultes Femmes - dont nouveaux inscrits";"integer";"default";;;;;;
"E136";"particuliers_total_adultes_femmes_emprunteurs_actifs";"Usagers - Particuliers - Total adultes Femmes - dont emprunteurs actifs";"integer";"default";;;;;;
"E137";"particuliers_total_adultes_inscrits_actifs";"Usagers - Particuliers - Total adultes - Inscrits actifs";"integer";"default";;;;;;
"E138";"particuliers_total_adultes_nouveaux_inscrits";"Usagers - Particuliers - Total adultes - dont nouveaux inscrits";"integer";"default";;;;;;
"E139";"particuliers_total_adultes_emprunteurs_actifs";"Usagers - Particuliers - Total adultes - dont emprunteurs actifs";"integer";"default";;;;;;
"E140";"particuliers_residents_commune_inscrits_actifs";"Usagers - Particuliers - dont résidents dans la commune ou les communes adhérentes au réseau - Inscrits actifs";"integer";"default";;;;;;
"E141";"particuliers_residents_commune_nouveaux_inscrits";"Usagers - Particuliers - dont résidents dans la commune ou les communes adhérentes au réseau - dont nouveaux inscrits";"integer";"default";;;;;;
"E142";"particuliers_residents_commune_emprunteurs_actifs";"Usagers - Particuliers - dont résidents dans la commune ou les communes adhérentes au réseau - dont emprunteurs actifs";"integer";"default";;;;;;
"E143";"usagers_collectivites_nouveaux_inscrits";"Usagers - Collectivités - dont nouveaux inscrits";"integer";"default";;;;;;
"E144";"usagers_collectivites_emprunteurs_actifs";"Usagers - Collectivités - dont emprunteurs actifs";"integer";"default";;;;;;
"E145";;"Obsolète - ne pas utiliser";;;;;;;;
"E146";;"Obsolète - ne pas utiliser";;;;;;;;
"E147";"frequentation_annuelle";"Usagers - Fréquentation : entrées dans l'établissement durant l’année";"integer";"default";;;;;;
"E148";"particuliers_enfants_nsp_genre_inscrits_actifs";"Usagers - Particuliers - dont Enfants (de 0 à 14 ans) Ne se prononce pas - Inscrits actifs";"integer";"default";;;;;;
"E149";"particuliers_enfants_nsp_genre_nouveaux_inscrits";"Usagers - Particuliers - dont Enfants (de 0 à 14 ans) Ne se prononce pas - dont nouveaux inscrits";"integer";"default";;;;;;
"E150";"particuliers_enfants_nsp_genre_emprunteurs_actifs";"Usagers - Particuliers - dont Enfants (de 0 à 14 ans) Ne se prononce pas - dont emprunteurs actifs";"integer";"default";;;;;;
"E151";"particuliers_adultes_nsp_genre_inscrits_actifs";"Usagers - Particuliers - dont Adultes (de 15 à 64 ans) Ne se prononce pas - Inscrits actifs";"integer";"default";;;;;;
"E152";"particuliers_adultes_nsp_genre_nouveaux_inscrits";"Usagers - Particuliers - dont Adultes (de 15 à 64 ans) Ne se prononce pas - dont nouveaux inscrits";"integer";"default";;;;;;
"E153";"particuliers_adultes_nsp_genre_emprunteurs_actifs";"Usagers - Particuliers - dont Adultes (de 15 à 64 ans) Ne se prononce pas - dont emprunteurs actifs";"integer";"default";;;;;;
"E154";"particuliers_adultes_65_nsp_genre_inscrits_actifs";"Usagers - Particuliers - dont Adultes (de 65 ans et plus) Ne se prononce pas - Inscrits actifs";"integer";"default";;;;;;
"E155";"particuliers_adultes_65_nsp_genre_nouveaux_inscrits";"Usagers - Particuliers - dont Adultes (de 65 ans et plus) Ne se prononce pas - dont nouveaux inscrits";"integer";"default";;;;;;
"E156";"particuliers_adultes_65_nsp_genre_emprunteurs_actifs";"Usagers - Particuliers - dont Adultes (de 65 ans et plus) Ne se prononce pas - dont emprunteurs actifs";"integer";"default";;;;;;
"E157";"particuliers_total_adultes_nsp_genre_inscrits_actifs";"Usagers - Particuliers - Total adultes - Ne se prononce pas - Inscrits actifs";"integer";"default";;;;;;
"E158";"particuliers_total_adultes_nsp_genre_nouveaux_inscrits";"Usagers - Particuliers - Total adultes - Ne se prononce pas - dont nouveaux inscrits";"integer";"default";;;;;;
"E159";"particuliers_total_adultes_nsp_genre_emprunteurs_actifs";"Usagers - Particuliers - Total adultes - Ne se prononce pas - dont emprunteurs actifs";"integer";"default";;;;;;
"E160";"frequentation_semaine_test_printemps";"Fréquentation durant la semaine test de printemps";"integer";"default";;;;;;
"E161";"frequentation_semaine_test_automne";"Fréquentation durant la semaine test d’automne";"integer";"default";;;;;;
"E201";"prets_livres_adultes";"Prêts - Livres - Adultes";"integer";"default";;;;;;
"E202";"prets_livres_enfants";"Prêts - Livres - Enfants";"integer";"default";;;;;;
"E203";"prets_livres_total";"Prêts - Livres -Total";"integer";"default";;;;;;
"E205";"prets_periodiques_imprimes_adultes";"Prêts - Publications en série imprimées - Adultes";"integer";"default";;;;;;
"E206";"prets_periodiques_imprimes_enfants";"Prêts - Publications en série imprimées - Enfants";"integer";"default";;;;;;
"E207";"prets_periodiques_imprimes_total";"Prêts - Publications en série imprimées - Total";"integer";"default";;;;;;
"E211";"prets_documents_sonores_musique_total";"Prêts - Documents sonores : musique -Total";"integer";"default";;;;;;
"E213";"prets_documents_sonores_livres_adultes";"Prêts - Documents sonores : livres - Adultes";"integer";"default";;;;;;
"E214";"prets_documents_sonores_livres_enfants";"Prêts - Documents sonores : livres - Enfants";"integer";"default";;;;;;
"E215";"prets_documents_sonores_livres_total";"Prêts - Documents sonores : livres - Total";"integer";"default";;;;;;
"E217";"prets_documents_video_adultes";"Prêts - Documents vidéo - Adultes";"integer";"default";;;;;;
"E218";"prets_documents_video_enfants";"Prêts - Documents vidéo - Enfants";"integer";"default";;;;;;
"E219";"prets_documents_video_total";"Prêts - Documents vidéo - Total";"integer";"default";;;;;;
"E221";"prets_autres_documents_adultes";"Prêts - Autres documents - Adultes";"integer";"default";;;;;;
"E222";"prets_autres_documents_enfants";"Prêts - Autres documents - Enfants";"integer";"default";;;;;;
"E223";"prets_autres_documents_total";"Prêts - Autres documents - Total";"integer";"default";;;;;;
"E235";"prets_documents_sonores_total";"Prêts - Documents sonores -Total";"integer";"default";;;;;;
"E237";"prets_adultes_total";"Prêts - Adultes - Total";"integer";"default";;;;;;
"E238";"prets_enfants_total";"Prêts - Enfants - Total";"integer";"default";;;;;;
"E239";"prets_total";"Prêts - Total - Total";"integer";"default";;;;;;
"E240";"collectivites_prets_total";"Prêts aux collectivités";"integer";"default";;;;;;
"E241";"prets_livres_bd_total";"Prêts - Livres -Total - Dont prêt sur documents de la BD";"integer";"default";;;;;;
"E242";"prets_documents_sonores_bd_total";"Prêts - Documents sonores -Total - Dont prêt sur documents de la BD";"integer";"default";;;;;;
"E243";"prets_documents_video_bd_total";"Prêts - Documents vidéo -Total - Dont prêt sur documents de la BD";"integer";"default";;;;;;
"E245";"prets_documents_sonores_bd_total";"Prêts - Documents sonores : musique - Total - Dont prêts sur documents de la BD";"integer";"default";;;;;;
"E246";"prets_documents_sonores_livres_bd_total";"Prêts - Documents sonores : livres - Total - Dont prêts sur documents de la BD";"integer";"default";;;;;;
"E247";"prets_jeux_de_societe_total";"Prêts total de jeux de société";"integer";"default";;;;;;
"E248";"prets_jeux_video_total";"Prêts total de jeux vidéo";"integer";"default";;;;;;
"E301";"consultations_sur_place_total";"Autres types d'usage - Consultations sur place";"integer";"default";;;;;;
"E302";"reservations_total";"Autres types d'usage - Réservations";"integer";"default";;;;;;
"E303";;;;;;;;;;
"E504";"catalogue_en_ligne";"Services et ressources électroniques proposés par la bibliothèque - Catalogue en ligne";"boolean";"default";;;;;;
"E515";"ressources_numeriques_acquises";"Services et ressources électroniques proposés par la bibliothèque - Ressources numériques dont -";"boolean";"default";;;;;;
"E517 - suppr";;;;;;;;;;
"E518";"ressources_numeriques_acquises_presse_nb_consultations";"Services et ressources électroniques proposés par la bibliothèque - Ressources numériques dont - Publications en série électroniques - Nombre de contenus consultés";"boolean";"default";;;;;;
"E532";"ressources_numeriques_acquises_livres_nb_consultations";"Services et ressources électroniques proposés par la bibliothèque - Ressources numériques dont - Livres, encyclopédies, dictionnaires - Nombre de consultations";"boolean";"default";;;;;;
"E534";"ressources_numeriques_acquises_musique_nb_consultations";"Services et ressources électroniques proposés par la bibliothèque - Ressources numériques dont - Musique - Nombre de consultations";"boolean";"default";;;;;;
"E536";"ressources_numeriques_acquises_video_nb_consultations";"Services et ressources électroniques proposés par la bibliothèque - Ressources numériques dont - Vidéo - Nombre de consultations";"boolean";"default";;;;;;
"E538";"ressources_numeriques_acquises_autoformation_nb_consultations";"Services et ressources électroniques proposés par la bibliothèque - Ressources numériques dont - Autoformation - Nombre de consultations";"boolean";"default";;;;;;
"E541";"reseaux_sociaux";"Services et ressources électroniques proposés par la bibliothèque - Présence en ligne -Réseaux sociaux";"boolean";"default";;;;;;
"E542";"reseaux_sociaux_liste";"Services et ressources électroniques proposés par la bibliothèque - Présence en ligne - Si oui, lesquels";"string";"default";;;;;;
"E544";"nb_visites_site_internet";"Nombre de visites du site internet";"integer";"default";;;;;;
"F101";"depenses_investissement_total";"Dépenses d'investissement - Total des dépenses";"integer";"default";;;;;;
"F102";"depenses_investissement_batiments";"Dépenses d'investissement - Terrains, bâtiments";"integer";"default";;;;;;
"F103";"depenses_investissement_informatique";"Dépenses d'investissement - Informatique (matériel et logiciels)";"integer";"default";;;;;;
"F104";"depenses_investissement_vehicules";"Dépenses d'investissement - Véhicules";"integer";"default";;;;;;
"F105";"depenses_investissement_autres";"Dépenses d'investissement - Autres (mobilier, équipements)";"integer";"default";;;;;;
"F106";"depenses_investissement_documents";"Dépenses d'investissement - Documents";"integer";"default";;;;;;
"F201";"depenses_fonctionnement_personnel_total";"Dépenses de fonctionnement - Dépenses pour le personnel - Dépense totale";"integer";"default";;;;;;
"F204";"defraiement_benevoles";"Défraiement bénévoles";"integer";"default";;;;;;
"F314";"depenses_fonctionnement_documents_total";"Dépenses de fonctionnement - Dépenses d'acquisitions documentaires - Dépense totale";"integer";"default";;;;;;
"F401";"depenses_patrimoine_reliure_conservation";"Patrimoine - Dépenses d’acquisition et d’entretien des collections patrimoniales - Reliure, conservation préventive et curative";"integer";"default";;;;;;
"F402";"depenses_patrimoine_conversion";"Patrimoine - Dépenses d’acquisition et d’entretien des collections patrimoniales - Conversion sur support matériel";"integer";"default";;;;;;
"F403";"depenses_patrimoine_numerisation";"Patrimoine - Dépenses d’acquisition et d’entretien des collections patrimoniales - Numérisation";"integer";"default";;;;;;
"F502";"depenses_fonctionnement_action_culturelle";"Dépenses de fonctionnement - Dépenses spécifiques - Action culturelle";"integer";"default";;;;;;
"F504";"depenses_fonctionnement_informatique";"Dépenses de fonctionnement - Dépenses spécifiques - Dépenses informatiques";"integer";"default";;;;;;
"F507";"depenses_fonctionnement_equipement";"Dépenses de fonctionnement - Dépenses spécifiques - Équipement des documents";"integer";"default";;;;;;
"F508";"depenses_fonctionnement_communnication";"Dépenses de fonctionnement - Dépenses spécifiques - Communication";"integer";"default";;;;;;
"F601";"recettes_subventions_publiques";"Recettes - Ressources propres et subventions - Subventions d’origine publique";"integer";"default";;;;;;
"F602";"recettes_subventions_privées";"Recettes - Ressources propres et subventions - Autres ressources d'origine privée (sociétés, particuliers, …)";"integer";"default";;;;;;
"F603";"recettes_propres_total";"Recettes - Ressources propres et subventions - Recettes propres";"integer";"default";;;;;;
"F604";"recettes_propres_inscriptions";"Recettes - Ressources propres et subventions - Recettes propres - droits d'inscription";"integer";"default";;;;;;
"F605";"recettes_propres_usages";"Recettes - Ressources propres et subventions - Recettes propres - droits d'usage pour les services de la bibliothèque";"integer";"default";;;;;;
"F606";"recettes_dispositifs_etat";"Subventions issues de dispositifs d'Etat";"string";"default";;;;;;
"F701";"depenses_acquisitions_documents_support_livres";"Dépenses globales détaillées d'acquisition documentaire - Documents imprimés et sur support --Livres imprimés";"integer";"default";;;;;;
"F702";"depenses_acquisitions_documents_numeriques_livres";"Dépenses globales détaillées d'acquisition documentaire - Ressources numériques - Livres, livres lus, dictionnaires, encyclopédies";"integer";"default";;;;;;
"F703";"depenses_acquisitions_documents_support_periodiques";"Dépenses globales détaillées d'acquisition documentaire - Documents imprimés et sur support - Publications en série imprimées";"integer";"default";;;;;;
"F704";"depenses_acquisitions_documents_numeriques_periodiques";"Dépenses globales détaillées d'acquisition documentaire - Ressources numériques - Périodiques, presse";"integer";"default";;;;;;
"F705";"depenses_acquisitions_documents_support_sonores";"Dépenses globales détaillées d'acquisition documentaire - Documents imprimés et sur support - Documents sonores sur support";"integer";"default";;;;;;
"F706";"depenses_acquisitions_documents_numeriques_musique";"Dépenses globales détaillées d'acquisition documentaire - Ressources numériques - Musique";"integer";"default";;;;;;
"F707";"depenses_acquisitions_documents_support_video";"Dépenses globales détaillées d'acquisition documentaire - Documents imprimés et sur support - Documents vidéo sur support";"integer";"default";;;;;;
"F708";"depenses_acquisitions_documents_numeriques_video";"Dépenses globales détaillées d'acquisition documentaire - Ressources numériques - Vidéo";"integer";"default";;;;;;
"F709";"depenses_acquisitions_documents_support_autres";"Dépenses globales détaillées d'acquisition documentaire - Documents imprimés et sur support - Autres documents non électroniques";"integer";"default";;;;;;
"F710";"depenses_acquisitions_documents_support_jeux_video";"Dépenses globales détaillées d'acquisition documentaire - Documents imprimés et sur support - Jeux vidéo sur support";"integer";"default";;;;;;
"F712";"depenses_acquisitions_documents_support_total";"Dépenses globales détaillées d'acquisition documentaire - Documents imprimés et sur support - Total documents imprimés et sur support";"integer";"default";;;;;;
"F713";"depenses_acquisitions_documents_numeriques_total";"Dépenses globales détaillées d'acquisition documentaire - Ressources numériques -Total ressources numériques";"integer";"default";;;;;;
"F714";"depenses_acquisitions_documents_total";"Dépenses globales détaillées d'acquisition documentaire - Total";"integer";"default";;;;;;
"F715";"depenses_acquisitions_documents_numeriques_autoformation";"Dépenses globales détaillées d'acquisition documentaire - Ressources numériques - Autoformation";"integer";"default";;;;;;
"F716";"depenses_acquisitions_documents_numeriques_autres";"Dépenses globales détaillées d'acquisition documentaire - Ressources numériques - Autres ressources";"integer";"default";;;;;;
"F717";"depenses_jeux_de_societe";"Dépenses globales détaillées d'acquisition de jeux de société";"integer";"default";;;;;;
"F718";"participation_financiere_ress_num_via_bd";"Participation financière pour accéder aux ressources numériques proposées par la BD";"integer";"default";;;;;;
"F801";"marche_acquisitions_livres_type";"Type de marché";"string";"default";;;;;;
"F802";"marche_acquisitions_livres_collectivite";"Ce marché a-t-il été passé";"string";"default";;;;;;
"F803";"marche_acquisitions_livres_duree";"Durée totale du marché";"integer";"default";;;;;;
"F828";"marche_acquisitions_livres_montant_total";"Montant total du marché";"integer";"default";;;;;;
"G101";"personnel_total";"Personnel - Personnes - Total";"integer";"default";;;;;;
"G102";"personnel_etp_salaries_total";"Personnel - ETP - Total salariés ";"integer";"default";;;;;;
"G103";"personnel_culture_conservateurs";"Personnel - Professionnels de la filière culture - Personnes - Conservateurs";"integer";"default";;;;;;
"G104";"personnel_culture_etp_conservateurs";"Personnel - Professionnels de la filière culture - ETP - Conservateurs";"integer";"default";;;;;;
"G105";"personnel_culture_bibliothecaires";"Personnel - Professionnels de la filière culture - Personnes - Bibliothécaires ou attachés de conservation";"integer";"default";;;;;;
"G106";"personnel_culture_etp_bibliothecaires";"Personnel - Professionnels de la filière culture - ETP - Bibliothécaires ou attachés de conservation";"integer";"default";;;;;;
"G111";"personnel_culture_adjoints_patrimoine";"Personnel - Professionnels de la filière culture - Personnes - Adjoints du patrimoine";"integer";"default";;;;;;
"G112";"personnel_culture_etp_adjoints_patrimoine";"Personnel - Professionnels de la filière culture - ETP - Adjoints du patrimoine";"integer";"default";;;;;;
"G113";"personnel_culture_adjoints_patrimoine_qualifies";"Personnel - Professionnels de la filière culture - Personnes - Adjoints du patrimoine qualifiés";"integer";"default";;;;;;
"G114";"personnel_autres_filieres_categorie_a";"Personnel - Fonction publique autres filières - Personnes - Catégorie A";"integer";"default";;;;;;
"G115";"personnel_autres_filieres_etp_categorie_a";"Personnel - Fonction publique autres filières - ETP - Catégorie A";"integer";"default";;;;;;
"G117";"personnel_autres_filieres_categorie_b";"Personnel - Fonction publique autres filières - Personnes - Catégorie B";"integer";"default";;;;;;
"G118";"personnel_autres_filieres_etp_categorie_b";"Personnel - Fonction publique autres filières - ETP - Catégorie B";"integer";"default";;;;;;
"G120";"personnel_autres_filieres_categorie_c";"Personnel - Fonction publique autres filières - Personnes - Catégorie C";"integer";"default";;;;;;
"G121";"personnel_autres_filieres_etp_categorie_c";"Personnel - Fonction publique autres filières - ETP - Catégorie C";"integer";"default";;;;;;
"G129";"benevoles_total";"Personnel - Bénévoles";"integer";"default";;;;;;
"G130";"benevoles_qualifies_total";"Personnel - Bénévoles - dont qualifiés";"integer";"default";;;;;;
"G131";"benevoles_etp";"Personnel - Bénévoles -« ETP »";"integer";"default";;;;;;
"G132";"personnel_etp_total";"Personnel - ETP - Total";"integer";"default";;;;;;
"G133";"personnel_culture_assistants_conservation";"Personnel - Professionnels de la filière culture - Personnes - Assistants territoriaux de conservation";"integer";"default";;;;;;
"G134";"personnel_culture_etp_assistants_conservation";"Personnel - Professionnels de la filière culture - ETP- Assistants territoriaux de conservation";"integer";"default";;;;;;
"G135";"personnel_salaries_total";"Personnel - Total salariés - Personnes";"integer";"default";;;;;;
"G136";"personnel_culture_etp_adjoints_patrimoine_qualifies";"Personnel - Professionnels de la filière culture - ETP - Adjoints du patrimoine - dont qualifiés";"integer";"default";;;;;;
"G143";"personnel_salarie";"Une partie au moins du personnel est-elle salariée ?";"boolean";"default";;;;;;
"G144";"benevoles";"La bibliothèque fonctionne-t-elle avec des bénévoles ?";"boolean";"default";;;;;;
"G145";"personnel_postes_categorie_a";"Personnel - Nombre de postes de catégorie A/A+";"integer";"default";;;;;;
"G146";"personnel_non_titulaires_categorie_a";"Personnel - Catégorie A - non-titulaires";"integer";"default";;;;;;
"G147";"personnel_etp_postes_categorie_a";"Personnel - Catégorie A - non-titulaires - ETP";"integer";"default";;;;;;
"G148";"personnel_postes_categorie_b";"Nombre de postes de catégorie B";"integer";"default";;;;;;
"G149";"personnel_non_titulaires_categorie_b";"Personnel - Catégorie B - non-titulaires";"integer";"default";;;;;;
"G150";"personnel_etp_postes_categorie_b";"Personnel - Catégorie B - non-titulaires - ETP";"integer";"default";;;;;;
"G151";"personnel_postes_categorie_c";"Nombre de postes de catégorie C";"integer";"default";;;;;;
"G152";"personnel_non_titulaires_categorie_c";"Personnel - Catégorie C - non-titulaires";"integer";"default";;;;;;
"G153";"personnel_etp_postes_categorie_c";"Personnel - Catégorie C - non-titulaires - ETP";"integer";"default";;;;;;
"G154";"personnel_etp_postes_categorie_c_qualifies";"Personnel - Catégorie C qualifiés - non-titulaires - ETP";"integer";"default";;;;;;
"G155";"personnel_vacataires";"Vacataires - Personnes";"integer";"default";;;;;;
"G156";"personnel_vacataires_etp";"Vacataires - ETP";"integer";"default";;;;;;
"G157";"postes_vacants_categorie_a";"Postes de catégorie A/A+ non occupés plus de 6 mois dans l'année";"integer";"default";;;;;;
"G158";"postes_vacants_categorie_b";"Postes de catégorie B non occupés plus de 6 mois dans l'année";"integer";"default";;;;;;
"G159";"postes_vacants_categorie_c";"Postes de catégorie C non occupés plus de 6 mois dans l'année";"integer";"default";;;;;;
"G202";"formation_personnel_nb_personnes_formees";"Formation - Formation du personnel - Nombre de personnes formées";"integer";"default";;;;;;
"G204";"formation_reseau_nb_personnes_formees";"Formation - Formation des acteurs du tiers réseau - Nombre de personnes formées";"integer";"default";;;;;;
"G205";"formation_rofessionnelle_nb_jours";"Formation - Formation professionnelle - Nombre de jours";"integer";"default";;;;;;
"G206";"formation_professionnelle_nb_participants";"Formation - Formation professionnelle - Nombre de participants";"integer";"default";;;;;;
"G207";"formations_dispensees_pesonnel_nb_jours";"Formation - Formations dispensées par le personnel - Nombre de jours";"integer";"default";;;;;;
"G211";"formation_personnel_nb_jours";"Formation - Formation du personnel - Nombre de jours";"integer";"default";;;;;;
"G213";"formation_reseau_nb_jours";"Formation - Formation des acteurs du tiers réseau - Nombre de jours";"integer";"default";;;;;;
"H101";"cooperation_ecoles";"Partenariat et coopération - Institutions - Établissements scolaires et universitaires - Écoles";"boolean";"default";;;;;;
"H102";"cooperation_ecoles_nb_actions";"Partenariat et coopération - Institutions - Établissements scolaires et universitaires - Écoles - Nombre de classes";"integer";"default";;;;;;
"H103";"cooperation_ecoles_nb_participants";"Partenariat et coopération - Institutions - Établissements scolaires et universitaires - Écoles - Estimation du nombre de participants";"integer";"default";;;;;;
"H104";"cooperation_colleges";"Partenariat et coopération - Institutions - Établissements scolaires et universitaires - Collèges";"boolean";"default";;;;;;
"H105";"cooperation_colleges_nb_actions";"Partenariat et coopération - Institutions - Établissements scolaires et universitaires - Collèges - Nombre de classes";"integer";"default";;;;;;
"H106";"cooperation_colleges_nb_participants";"Partenariat et coopération - Institutions - Établissements scolaires et universitaires - Collèges - Estimation du nombre de participants";"integer";"default";;;;;;
"H107";"cooperation_lycees";"Partenariat et coopération - Institutions - Établissements scolaires et universitaires - Lycées";"boolean";"default";;;;;;
"H108";"cooperation_lycees_nb_actions";"Partenariat et coopération - Institutions - Établissements scolaires et universitaires - Lycées - Nombre de classes";"integer";"default";;;;;;
"H109";"cooperation_lycees_nb_participants";"Partenariat et coopération - Institutions - Établissements scolaires et universitaires - Lycées - Estimation du nombre de participants";"integer";"default";;;;;;
"H110";"cooperation_superieur";"Partenariat et coopération - Institutions - Établissements scolaires et universitaires - Supérieur";"boolean";"default";;;;;;
"H111";"cooperation_superieur_nb_participants";"Partenariat et coopération - Institutions - Établissements scolaires et universitaires - Supérieur - Estimation du nombre de participants";"integer";"default";;;;;;
"H112";"cooperation_hopitaux";"Partenariat et coopération - Institutions - Hôpitaux";"boolean";"default";;;;;;
"H113";"cooperation_hopitaux_nb_participants";"Partenariat et coopération - Institutions - Hôpitaux - Estimation du nombre de participants";"integer";"default";;;;;;
"H114";"cooperation_prisons";"Partenariat et coopération - Institutions - Prisons, Centres de semi-liberté, protection judiciaire de la jeunesse";"boolean";"default";;;;;;
"H115";"cooperation_prisons_nb_participants";"Partenariat et coopération - Institutions - Prisons, Centres de semi-liberté, protection judiciaire de la jeunesse - estimation du nombre de participants";"integer";"default";;;;;;
"H116";"cooperation_maisons_retraite";"Partenariat et coopération - Institutions - Maisons de retraite";"boolean";"default";;;;;;
"H117";"cooperation_maisons_retraite_nb_participants";"Partenariat et coopération - Institutions - Maisons de retraite - Estimation du nombre de participants";"integer";"default";;;;;;
"H118";"cooperation_centres_sociaux";"Partenariat et coopération - Institutions - Centres sociaux";"boolean";"default";;;;;;
"H119";"cooperation_centres_sociaux_nb_participants";"Partenariat et coopération - Institutions - Centres sociaux - Estimation du nombre de participants";"integer";"default";;;;;;
"H120";"cooperation_centres_loisirs";"Partenariat et coopération - Institutions - Centres de loisirs";"boolean";"default";;;;;;
"H121";"cooperation_centres_loisirs_nb_participants";"Partenariat et coopération - Institutions - Centres de loisirs - Estimation du nombre de participants";"integer";"default";;;;;;
"H122";"cooperation_petite_enfance";"Partenariat et coopération - Institutions - Services de la petite enfance";"boolean";"default";;;;;;
"H123";"cooperation_petite_enfance_nb_participants";"Partenariat et coopération - Institutions - Services de la petite enfance - estimation du nombre de participants";"integer";"default";;;;;;
"H124";"cooperation_services_emploi";"Partenariat et coopération - Institutions - Services de l'emploi";"boolean";"default";;;;;;
"H125";"cooperation_services_emploi_nb_participants";"Partenariat et coopération - Institutions - Services de l'emploi - Estimation du nombre de participants";"integer";"default";;;;;;
"H126";"cooperation_autres";"Partenariat et coopération - Institutions - Autres";"boolean";"default";;;;;;
"H127";"cooperation_autres_nb_participants";"Partenariat et coopération - Institutions - Autres - Estimation du nombre de participants";"integer";"default";;;;;;
"H128";"cooperation_medicosocial";"Partenariat et coopération - Institutions - Établissements médico-sociaux";"boolean";"default";;;;;;
"H129";"cooperation_medicosocial_nb_participants";"Partenariat et coopération - Institutions - Établissements médico-sociaux - Estimation du nombre de participants";"integer";"default";;;;;;
"H130";"cooperation_ecoles_nb_accueils_classes";"Partenariat et coopération - Institutions - Établissements scolaires et universitaires - Écoles - Nombre d’accueils de classes";"integer";"default";;;;;;
"H131";"cooperation_colleges_nb_accueils_classes";"Partenariat et coopération - Institutions - Établissements scolaires et universitaires - Collèges - Nombre d’accueils de classes";"integer";"default";;;;;;
"H132";"cooperation_lycees_nb_accueils_classes";"Partenariat et coopération - Institutions - Établissements scolaires et universitaires - Lycées - Nombre d’accueils de classes";"integer";"default";;;;;;
"H202";"cooperation_musee";"Partenariat et coopération - Équipements culturels - Musées, centres d'art, ...";"boolean";"default";;;;;;
"H204";"cooperation_archives";"Partenariat et coopération - Équipements culturels - Archives";"integer";"default";;;;;;
"H206";"cooperation_conservatoire";"Partenariat et coopération - Équipements culturels - Conservatoire ou école de musique";"boolean";"default";;;;;;
"H208";"cooperation_cinema";"Partenariat et coopération - Équipements culturels - Cinéma";"integer";"default";;;;;;
"H210";"cooperation_theatre";"Partenariat et coopération - Équipements culturels - Théâtre";"boolean";"default";;;;;;
"H212";"cooperation_spectacle_vivant";"Partenariat et coopération - Équipements culturels - Salle de spectacle ou troupe de spectacle vivant";"integer";"default";;;;;;
"H214";"cooperation_librairie";"Partenariat et coopération - Équipements culturels - Librairie";"boolean";"default";;;;;;
"H216";"cooperation_autres";"Partenariat et coopération - Équipements culturels - Autres";"integer";"default";;;;;;
"H301";"cooperation_associations_culturelles";"Partenariat et coopération - Structures associatives - Culture";"boolean";"default";;;;;;
"H302";"cooperation_nb_associations_culturelles";"Partenariat et coopération - Structures associatives - Culture - Nombre d'associations";"integer";"default";;;;;;
"H304";"cooperation_associations_culturelles_livre_lecture";"Partenariat et coopération - Structures associatives - Culture - dont livre et lecture";"boolean";"default";;;;;;
"H305";"cooperation_nb_associations_culturelles_livre_lecture";"Partenariat et coopération - Structures associatives - Culture - dont livre et lecture - Nombre d'associations";"integer";"default";;;;;;
"H307";"cooperation_associations_autres";"Partenariat et coopération - Structures associatives - Autres";"boolean";"default";;;;;;
"H308";"cooperation_nb_associations_autres";"Partenariat et coopération - Structures associatives - Autres - Nombre d'associations";"integer";"default";;;;;;
"H401";"actions_in_situ_expositions";"Actions au sein de l'établissement - Expositions";"boolean";"default";;;;;;
"H402";"actions_in_situ_expositions_tout_public";"Actions au sein de l'établissement - Expositions - Pour tout public";"integer";"default";;;;;;
"H403";"actions_in_situ_expositions_enfants";"Actions au sein de l'établissement - Expositions - Pour enfants";"integer";"default";;;;;;
"H409";"actions_in_situ_conferences";"Actions au sein de l'établissement - Animations dont - Conférences, rencontres, lectures";"boolean";"default";;;;;;
"H410";"actions_in_situ_conferences_tout_public";"Actions au sein de l'établissement - Animations dont - Conférences, rencontres, lectures - Pour tout public";"integer";"default";;;;;;
"H411";"actions_in_situ_conferences_enfants";"Actions au sein de l'établissement - Animations dont - Conférences, rencontres, lectures - Pour enfants";"integer";"default";;;;;;
"H412";"actions_in_situ_conferences_nb_participants";"Actions au sein de l'établissement - Animations dont - Conférences, rencontres, lectures - Nombre de participants";"integer";"default";;;;;;
"H417";"actions_in_situ_contes";"Actions au sein de l'établissement - Animations dont - Séances de conte";"boolean";"default";;;;;;
"H418";"actions_in_situ_contes_enfants";"Actions au sein de l'établissement - Animations dont - Séances de conte - Pour enfants";"integer";"default";;;;;;
"H419";"actions_in_situ_contes_nb_participants";"Actions au sein de l'établissement - Animations dont - Séances de conte - Nombre de participants";"integer";"default";;;;;;
"H424";"actions_in_situ_fetes_salons";"Actions au sein de l'établissement - Animations dont - Fêtes, salons du livre, festivals";"boolean";"default";;;;;;
"H425";"actions_in_situ_fetes_salons_tout_public";"Actions au sein de l'établissement - Animations dont - Fêtes, salons du livre, festivals - Pour tout public";"integer";"default";;;;;;
"H426";"actions_in_situ_fetes_salons_enfants";"Actions au sein de l'établissement - Animations dont - Fêtes, salons du livre, festivals - Pour enfants";"integer";"default";;;;;;
"H428";"actions_in_situ_autres";"Actions au sein de l'établissement - Animations dont - Autres";"boolean";"default";;;;;;
"H429";"actions_in_situ_autres_tout_public";"Actions au sein de l'établissement - Animations dont - Autres - Pour tout public";"integer";"default";;;;;;
"H430";"actions_in_situ_autres_enfants";"Actions au sein de l'établissement - Animations dont - Autres - Pour enfants";"integer";"default";;;;;;
"H436";"actions_in_situ_contes_tout_public";"Actions au sein de l'établissement - Animations dont - Séances de conte - Pour tout public";"integer";"default";;;;;;
"H437";"actions_in_situ_concert";"Actions au sein de l'établissement - Concert";"boolean";"default";;;;;;
"H438";"actions_in_situ_concert_tout_public";"Actions au sein de l'établissement - Pour tout public - Concert";"integer";"default";;;;;;
"H439";"actions_in_situ_concert_enfants";"Actions au sein de l'établissement - Pour enfants - Concert";"integer";"default";;;;;;
"H440";"actions_in_situ_concert_nb_participants";"Actions au sein de l'établissement - Nombre de participants - Concert";"integer";"default";;;;;;
"H441";"actions_in_situ_projection";"Actions au sein de l'établissement - Projection";"boolean";"default";;;;;;
"H442";"actions_in_situ_projection_tout_public";"Actions au sein de l'établissement - Pour tout public - Projection";"integer";"default";;;;;;
"H443";"actions_in_situ_projection_enfants";"Actions au sein de l'établissement - Pour enfants - Projection";"integer";"default";;;;;;
"H444";"actions_in_situ_projection_nb_participants";"Actions au sein de l'établissement - Nombre de participants - Projection";"integer";"default";;;;;;
"H445";"actions_in_situ_club_lecture";"Actions au sein de l'établissement - Clubs de lecteurs";"boolean";"default";;;;;;
"H446";"actions_in_situ_club_lecture_tout_public";"Actions au sein de l'établissement - Pour tout public - Clubs de lecteurs";"integer";"default";;;;;;
"H447";"actions_in_situ_club_lecture_enfants";"Actions au sein de l'établissement - Pour enfants - Clubs de lecteurs";"integer";"default";;;;;;
"H448";"actions_in_situ_club_lecture_nb_participants";"Actions au sein de l'établissement - Nombre de participants - Clubs de lecteurs";"integer";"default";;;;;;
"H449";"actions_in_situ_ateliers_ecriture";"Actions au sein de l'établissement - Ateliers d'écriture";"boolean";"default";;;;;;
"H450";"actions_in_situ_ateliers_ecriture_pour_tous_pu";"Actions au sein de l'établissement - Pour tout public - Ateliers d'écriture";"integer";"default";;;;;;
"H451";"actions_in_situ_ateliers_ecriture_pour_enfants";"Actions au sein de l'établissement - Pour enfants - Ateliers d'écriture";"integer";"default";;;;;;
"H452";"actions_in_situ_ateliers_ecriture_nb_participants";"Actions au sein de l'établissement - Nombre de participants - Ateliers d'écriture";"integer";"default";;;;;;
"H453";"actions_in_situ_jeux_video_sur_place";"Actions au sein de l'établissement - Jeux vidéo sur place";"boolean";"default";;;;;;
"H454";"actions_in_situ_jeux_video_sur_place_tout_public";"Actions au sein de l'établissement - Pour tout public - Jeux vidéo sur place";"integer";"default";;;;;;
"H455";"actions_in_situ_jeux_video_sur_place_enfants";"Actions au sein de l'établissement - Pour enfants - Jeux vidéo sur place";"integer";"default";;;;;;
"H456";"actions_in_situ_jeux_video_sur_place_nb_participants";"Actions au sein de l'établissement - Nombre de participants - Jeux vidéo sur place";"integer";"default";;;;;;
"H457";"actions_in_situ_jeux_de_societe_sur_place";"Actions au sein de l'établissement - Jeux de société sur place";"boolean";"default";;;;;;
"H458";"actions_in_situ_jeux_de_societe_sur_place_tout_public";"Actions au sein de l'établissement - Pour tout public - Jeux de société sur place";"integer";"default";;;;;;
"H459";"actions_in_situ_jeux_de_societe_sur_place_enfants";"Actions au sein de l'établissement - Pour enfants - Jeux de société sur place";"integer";"default";;;;;;
"H460";"actions_in_situ_jeux_de_societe_sur_place_nb_participants";"Actions au sein de l'établissement - Nombre de participants - Jeux de société sur place";"integer";"default";;;;;;
"H461";"actions_in_situ_ateliers";"Actions au sein de l'établissement - Ateliers";"boolean";"default";;;;;;
"H462";"actions_in_situ_ateliers_tout_public";"Actions au sein de l'établissement - Pour tout public - Ateliers";"integer";"default";;;;;;
"H463";"actions_in_situ_ateliers_enfants";"Actions au sein de l'établissement - Pour enfants - Ateliers";"integer";"default";;;;;;
"H464";"actions_in_situ_ateliers_nb_participants";"Actions au sein de l'établissement - Nombre de participants - Ateliers";"integer";"default";;;;;;
"H465";"actions_in_situ_mediation_numerique";"Actions au sein de l'établissement - Médiation numérique";"boolean";"default";;;;;;
"H466";"actions_in_situ_mediation_numerique_tout_public";"Actions au sein de l'établissement - Pour tout public - Médiation numérique";"integer";"default";;;;;;
"H467";"actions_in_situ_mediation_numerique_enfants";"Actions au sein de l'établissement - Pour enfants - Médiation numérique";"integer";"default";;;;;;
"H468";"actions_in_situ_mediation_numerique_nb_participants";"Actions au sein de l'établissement - Nombre de participants - Médiation numérique";"integer";"default";;;;;;
"H469";"actions_in_situ_escape_game";"Actions au sein de l'établissement - Escape Game";"boolean";"default";;;;;;
"H470";"actions_in_situ_escape_game_tout_public";"Actions au sein de l'établissement - Pour tout public - Escape Game";"integer";"default";;;;;;
"H471";"actions_in_situ_escape_game_enfants";"Actions au sein de l'établissement - Pour enfants - Escape Game";"integer";"default";;;;;;
"H472";"actions_in_situ_escape_game_nb_participants";"Actions au sein de l'établissement - Nombre de participants - Escape Game";"integer";"default";;;;;;
"H473";"actions_in_situ_formation_vie";"Actions au sein de l'établissement - Formation tout au long de la vie";"boolean";"default";;;;;;
"H474";"actions_in_situ_formation_vie_tout_public";"Actions au sein de l'établissement - Pour tout public - Formation tout au long de la vie";"integer";"default";;;;;;
"H475";"actions_in_situ_formation_vie_enfants";"Actions au sein de l'établissement - Pour enfants - Formation tout au long de la vie";"integer";"default";;;;;;
"H476";"actions_in_situ_formation_vie_nb_participants";"Actions au sein de l'établissement - Nombre de participants - Formation tout au long de la vie";"integer";"default";;;;;;
"H477";"actions_in_situ_propositions_en_libre_acces";"Actions au sein de l'établissement - Propositions en libre accès";"boolean";"default";;;;;;
"H478";"actions_in_situ_propositions_en_libre_acces_tout_public";"Actions au sein de l'établissement - Pour tout public - Propositions en libre accès";"integer";"default";;;;;;
"H479";"actions_in_situ_propositions_en_libre_acces_enfants";"Actions au sein de l'établissement - Pour enfants - Propositions en libre accès";"integer";"default";;;;;;
"H480";"actions_in_situ_emi";"Actions au sein de l'établissement - Education aux médias et à l'information (EMI)";"boolean";"default";;;;;;
"H481";"actions_in_situ_emi_tout_public";"Actions au sein de l'établissement - Pour tout public - EMI";"integer";"default";;;;;;
"H482";"actions_in_situ_emi_enfants";"Actions au sein de l'établissement - Pour enfants - EMI";"integer";"default";;;;;;
"H483";"actions_in_situ_emi_nb_participants";"Actions au sein de l'établissement - Nombre de participants - EMI";"integer";"default";;;;;;
"H484";"actions_in_situ_ateliers_participatifs";"Actions au sein de l'établissement - Ateliers participatifs";"boolean";"default";;;;;;
"H485";"actions_in_situ_ateliers_participatifs_tout_public";"Actions au sein de l'établissement - Pour tout public - Ateliers participatifs";"integer";"default";;;;;;
"H486";"actions_in_situ_ateliers_participatifs_enfants";"Actions au sein de l'établissement - Pour enfants - Ateliers participatifs";"integer";"default";;;;;;
"H487";"actions_in_situ_spectacles";"Actions au sein de l'établissement - Animations dont - Spectacles";"integer";"default";;;;;;
"H488";"actions_in_situ_spectacles_tout_public";"Actions au sein de l'établissement - Animations dont - Pour tout public - Spectacles";"integer";"default";;;;;;
"H489";"actions_in_situ_spectacles_enfants";"Actions au sein de l'établissement - Animations dont - Pour enfants - Spectacles";"integer";"default";;;;;;
"H501";"actions_hors_les_murs";"Actions hors de l'établissement - Actions hors les murs";"boolean";"default";;;;;;
"H502";"actions_hors_les_murs_nb_actions";"Actions hors de l'établissement - Actions hors les murs - Nombre d'actions";"integer";"default";;;;;;
"H504";"actions_hors_les_murs_portage";"Actions hors de l'établissement - Portage à domicile";"boolean";"default";;;;;;
"H505";"actions_hors_les_murs_portage_nb_actions";"Actions hors de l'établissement - Portage à domicile - Nombre d’actions";"integer";"default";;;;;;
"H506";"actions_hors_les_murs_portage_nb_participants";"Actions hors de l'établissement - Portage à domicile - Nombre de participants";"integer";"default";;;;;;
"H601";"actions_cooperation_locale";"Actions de coopération - Coopération locale";"boolean";"default";;;;;;
"H604";"actions_cooperation_nationale";"Actions de coopération - Coopération nationale";"boolean";"default";;;;;;
"H607";"actions_cooperation_intenationale";"Actions de coopération - Coopération internationale";"boolean";"default";;;;;;
"H611";"actions_cooperation_locale_catalogue";"Actions de coopération - Coopération locale - Catalogue commun";"boolean";"default";;;;;;
"H612";"actions_cooperation_locale_portail";"Actions de coopération - Coopération locale - Portail documentaire commun";"boolean";"default";;;;;;
"H613";"actions_cooperation_locale_poldoc";"Actions de coopération - Coopération locale - Politique documentaire commune";"boolean";"default";;;;;;
"H614";"actions_cooperation_locale_navette";"Actions de coopération - Coopération locale - Navette documentaire";"boolean";"default";;;;;;
"H615";"actions_cooperation_locale_carte_unique";"Actions de coopération - Coopération locale - Carte unique de lecteur";"boolean";"default";;;;;;
"H616";"actions_cooperation_locale_autre";"Actions de coopération - Coopération locale - Autre action de coopération intercommunale";"boolean";"default";;;;;;
"H617";"actions_cooperation_locale_action_culturelle";"Actions de coopération - Coopération locale - Action culturelle commune";"boolean";"default";;;;;;
"H618";"actions_cooperation_intercommunale";"Actions de coopération - Coopération intercommunale";"boolean";"default";;;;;;
"H619";"actions_cooperation_hors_epci";"Actions de coopération - Coopération avec d'autres bibliothèques hors EPCI";"boolean";"default";;;;;;
"H620";"actions_cooperation_bd_hors_convention";"Actions de coopération - Coopération avec la bibliothèque départementale hors convention";"boolean";"default";;;;;;
"H704";"actions_handicap";"Actions et services à destination de publics à besoins spécifiques - Personnes en situation de handicap";"boolean";"default";;;;;;
"H706";"actions_handicap_nb_participants";"Actions et services à destination de publics à besoins spécifiques - Personnes en situation de handicap - Nombre de participants";"integer";"default";;;;;;
"H713";"actions_emploi";"Actions et services à destination de publics à besoins spécifiques - Personnes en recherche d'emploi";"boolean";"default";;;;;;
"H714";"actions_emploi_nb_actions";"Actions et services à destination de publics à besoins spécifiques - Personnes en recherche d'emploi - Nombre d'actions";"integer";"default";;;;;;
"H715";"actions_emploi_nb_participants";"Actions et services à destination de publics à besoins spécifiques - Personnes en recherche d'emploi - Nombre de participants";"integer";"default";;;;;;
"H716";"actions_illettrisme";"Actions et services à destination de publics à besoins spécifiques - Personnes en situation illettrisme";"boolean";"default";;;;;;
"H717";"actions_illettrisme_nb_actions";"Actions et services à destination de publics à besoins spécifiques - Personnes en situation illettrisme - Nombre d'actions";"integer";"default";;;;;;
"H718";"actions_illettrisme_nb_participants";"Actions et services à destination de publics à besoins spécifiques - Personnes en situation illettrisme - Nombre de participants";"integer";"default";;;;;;
"H719";"actions_non_francophones";"Actions et services à destination de publics à besoins spécifiques - Populations non francophones";"boolean";"default";;;;;;
"H721";"actions_non_francophones_nb_participants";"Actions et services à destination de publics à besoins spécifiques -Populations non francophones - Nombre de participants";"integer";"default";;;;;;
"H725";"actions_insertion";"Actions et services à destination de publics à besoins spécifiques -Population en situation d’insertion sociale";"boolean";"default";;;;;;
"H726";"actions_insertion_nb_actions";"Actions et services à destination de publics à besoins spécifiques -Population en situation d’insertion sociale - Nombre d'actions";"integer";"default";;;;;;
"H727";"actions_insertion_pop";"Actions et services à destination de publics à besoins spécifiques -Population en situation d’insertion sociale - Nombre de participants";"integer";"default";;;;;;
"H729";"actions_handicap_nb_actions_tout_public";"Nombre d'actions - Pour tout public - Personnes en situation de handicap";"integer";"default";;;;;;
"H730";"actions_handicap_nb_actions_enfants";"Nombre d'actions - Pour enfants - Personnes en situation de handicap";"integer";"default";;;;;;
"H731";"actions_illectronisme";"Actions et services à destination de publics à besoins spécifiques - Personnes en situation d'illectronisme";"boolean";"default";;;;;;
"H732";"actions_illectronisme_nb_actions";"Actions et services à destination de publics à besoins spécifiques - Nombre d'actions - Personnes en situation d'illectronisme";"integer";"default";;;;;;
"H733";"actions_illectronisme_nb_participants";"Actions et services à destination de publics à besoins spécifiques - Nombre de participants - Personnes en situation d'illectronisme";"integer";"default";;;;;;
"H734";"actions_non_francophones_nb_actions_tout_public";"Nombre d'actions - Pour tout public - Populations non francophones";"integer";"default";;;;;;
"H735";"actions_non_francophones_nb_actions_enfants";"Nombre d'actions - Pour enfants - Populations non francophones";"integer";"default";;;;;;
"H736";"actions_public_justice";"Actions et services à destination de publics à besoins spécifiques - Publics sous main de justice";"boolean";"default";;;;;;
"H737";"actions_public_justice_nb_actions";"Nombre d'actions - Pour tout public - Publics sous main de justice";"integer";"default";;;;;;
"H738";"actions_public_justice_nb_actions_enfants";"Nombre d'actions - Pour enfants - Publics sous main de justice";"integer";"default";;;;;;
"H739";"actions_public_justice_nb_participants";"Actions et services à destination de publics à besoins spécifiques - Nombre de participants - Publics sous main de justice";"integer";"default";;;;;;
"H740";"actions_pers_hospitalisees";"Actions et services à destination de publics à besoins spécifiques - Personnes hospitalisées";"boolean";"default";;;;;;
"H741";"actions_pers_hospitalisees_nb_actions";"Nombre d'actions - Pour tout public - Personnes hospitalisées";"integer";"default";;;;;;
"H742";"actions_pers_hospitalisees_nb_actions_enfants";"Nombre d'actions - Pour enfants - Personnes hospitalisées";"integer";"default";;;;;;
"H743";"actions_pers_hospitalisees_nb_participants";"Actions et services à destination de publics à besoins spécifiques - Nombre de participants - Personnes hospitalisées";"integer";"default";;;;;;
"H801";"salle_travail_groupe";"Services physiques de la bibliothèque - Salle(s) de travail en groupe";"boolean";"default";;;;;;
"H802";"auditorium";"Services physiques de la bibliothèque - Auditorium";"boolean";"default";;;;;;
"H803";"salle_spectacle";"Services physiques de la bibliothèque - Salle de spectacle";"boolean";"default";;;;;;
"H804";"fablab";"Services physiques de la bibliothèque - Fablab";"boolean";"default";;;;;;
"H805";"cafetaria";"Services physiques de la bibliothèque - Cafétéria";"boolean";"default";;;;;;
"H806";"grainotheque";"Services physiques de la bibliothèque - Grainothèque";"boolean";"default";;;;;;
"H807";"artotheque";"Services physiques de la bibliothèque - Artothèque";"boolean";"default";;;;;;
"H808";"boite_de_retour";"Services physiques de la bibliothèque - Boite de retour";"boolean";"default";;;;;;
"H809";"ludotheque";"Services physiques de la bibliothèque - Ludothèque";"boolean";"default";;;;;;
"H810";"studio";"Services physiques de la bibliothèque – Studio de répétition ou d’enregistrement";"boolean";"default";;;;;;
"I101";"commentaires";"Commentaires";"string";"default";;;;;;
"J201";"gratuite_services";"Inscription et tarifs - L'inscription et le prêt sont-ils gratuits pour tous les usagers ?";"boolean";"default";;;;;;
"J601";"local_specifique";"Usage des locaux - Disposez-vous d'un local spécifique pour la bibliothèque ?";"boolean";"default";;;;;;
"K101";"montant_acquisitions_pat";"Patrimoine - Dépenses d’acquisition et d’entretien des collections patrimoniales - Acquisition";"integer";"default";;;;;;
"K201";"patrimoine_livres_imprimes";"Patrimoine - fonds et acquisitions - livres imprimés - boolean";"boolean";"default";;;;;;
"K202";"patrimoine_livres_imprimes_fonds";"Patrimoine - fonds et acquisitions - livres imprimés - fonds (UM)";"integer";"default";;;;;;
"K203";"patrimoine_livres_imprimes_acquisitions";"Patrimoine - fonds et acquisitions - livres imprimés - acquisitions (UM)";"integer";"default";;;;;;
"K206";"patrimoine_livres_imprimes_depot_legal";"Patrimoine - fonds et acquisitions - livres imprimés - dont entrés par dépôt légal - fonds (UM)";"integer";"default";;;;;;
"K209";"patrimoine_livres_imprimes_livres_artistes_fonds";"Patrimoine - fonds et acquisitions - livres imprimés - dont livres d’artistes - fonds (UM)";"integer";"default";;;;;;
"K210";"patrimoine_livres_imprimes_livres_artistes_acquisitions";"Patrimoine - fonds et acquisitions - livres imprimés - dont livres d’artistes - acquisitions (UM)";"integer";"default";;;;;;
"K211";"patrimoine_periodiques";"Patrimoine - fonds et acquisitions - publications en série - boolean";"boolean";"default";;;;;;
"K212";"patrimoine_periodiques_fonds";"Patrimoine - fonds et acquisitions - publications en série - fonds (UM)";"integer";"default";;;;;;
"K213";"patrimoine_periodiques_acquisitions";"Patrimoine - fonds et acquisitions - publications en série - acquisitions (UM)";"integer";"default";;;;;;
"K214";"patrimoine_manuscrits";"Patrimoine - fonds et acquisitions - manuscrits - boolean";"boolean";"default";;;;;;
"K215";"patrimoine_archives";"Patrimoine - fonds et acquisitions - documents d’archives - boolean";"boolean";"default";;;;;;
"K216";"patrimoine_archives_fonds_ml";"Patrimoine - fonds et acquisitions - documents d’archives - fonds (ML)";"integer";"default";;;;;;
"K217";"patrimoine_archives_acquisitions_ml";"Patrimoine - fonds et acquisitions - documents d’archives - acquisitions (ML)";"integer";"default";;;;;;
"K218";"patrimoine_cartes";"Patrimoine - fonds et acquisitions - cartes - boolean";"boolean";"default";;;;;;
"K219";"patrimoine_cartes_fonds";"Patrimoine - fonds et acquisitions - cartes - fonds (UM)";"integer";"default";;;;;;
"K220";"patrimoine_cartes_acquisitions";"Patrimoine - fonds et acquisitions - cartes - acquisitions (UM)";"integer";"default";;;;;;
"K221";"patrimoine_musique";"Patrimoine - fonds et acquisitions - musique imprimée - boolean";"boolean";"default";;;;;;
"K222";"patrimoine_musique_fonds";"Patrimoine - fonds et acquisitions - musique imprimée - fonds (UM)";"integer";"default";;;;;;
"K223";"patrimoine_musique_acquisitions";"Patrimoine - fonds et acquisitions - musique imprimée - acquisitions (UM)";"integer";"default";;;;;;
"K224";"patrimoine_documents_graphiques";"Patrimoine - fonds et acquisitions - documents graphiques - boolean";"boolean";"default";;;;;;
"K225";"patrimoine_documents_graphiques_fonds";"Patrimoine - fonds et acquisitions - documents graphiques - fonds (UM)";"integer";"default";;;;;;
"K226";"patrimoine_documents_graphiques_acquisitions";"Patrimoine - fonds et acquisitions - documents graphiques - acquisitions (UM)";"integer";"default";;;;;;
"K227";"patrimoine_objets";"Patrimoine - fonds et acquisitions - objets - boolean";"boolean";"default";;;;;;
"K228";"patrimoine_objets_fonds";"Patrimoine - fonds et acquisitions - objets - fonds (UM)";"integer";"default";;;;;;
"K229";"patrimoine_objets_acquisitions";"Patrimoine - fonds et acquisitions - objets - acquisitions (UM)";"integer";"default";;;;;;
"K230";"patrimoine_documents_sonores";"Patrimoine - fonds et acquisitions - documents sonores sur support - boolean";"boolean";"default";;;;;;
"K231";"patrimoine_documents_sonores_fonds";"Patrimoine - fonds et acquisitions - documents sonores sur support - fonds (UM)";"integer";"default";;;;;;
"K232";"patrimoine_documents_sonores_acquisitions";"Patrimoine - fonds et acquisitions - documents sonores sur support - acquisitions (UM)";"integer";"default";;;;;;
"K233";"patrimoine_images_animees";"Patrimoine - fonds et acquisitions - images animées sur support - boolean";"boolean";"default";;;;;;
"K234";"patrimoine_images_animees_fonds";"Patrimoine - fonds et acquisitions - images animées sur support - fonds (UM)";"integer";"default";;;;;;
"K235";"patrimoine_images_animees_acquisitions";"Patrimoine - fonds et acquisitions - images animées sur support - acquisitions (UM)";"integer";"default";;;;;;
"K239";"patrimoine_archives_fonds";"Patrimoine - fonds et acquisitions - documents d’archives - fonds (UM)";"integer";"default";;;;;;
"K240";"patrimoine_archives_acquisitions";"Patrimoine - fonds et acquisitions - documents d’archives - acquisitions (UM)";"integer";"default";;;;;;
"K241";"patrimoine_dons";"Entrées par dons, legs et dations - boolean";"boolean";"default";;;;;;
"K242";"patrimoine_dons_fonds";"Entrées par dons, legs et dations - nombre de documents (UM)";"integer";"default";;;;;;
"K303";"patrimoine_signalement_livres_imprimes_notices";"Patrimoine - Signalement et description - livres imprimés - notices informatisées";"integer";"default";;;;;;
"K309";"patrimoine_signalement_livres_imprimes_notices_depot_legal";"Patrimoine - Signalement et description - livres imprimés - dont entrés par dépôt légal - notices informatisées";"integer";"default";;;;;;
"K312";"patrimoine_signalement_livres_imprimes_artistes_notices";"Patrimoine - Signalement et description - livres imprimés - dont livres d’artistes - notices informatisées";"integer";"default";;;;;;
"K315";"patrimoine_signalement_periodiques_notices";"Patrimoine - Signalement et description - publications en série - notices informatisées";"integer";"default";;;;;;
"K318";"patrimoine_signalement_manuscrits_notices";"Patrimoine - Signalement et description - manuscrits - notices informatisées";"integer";"default";;;;;;
"K321";"patrimoine_signalement_archives_notices";"Patrimoine - Signalement et description - documents d’archives - notices informatisées";"integer";"default";;;;;;
"K324";"patrimoine_signalement_cartes_notices";"Patrimoine - Signalement et description - cartes- notices informatisées";"integer";"default";;;;;;
"K327";"patrimoine_signalement_musique_imprimee_notices";"Patrimoine - Signalement et description - musique imprimée - notices informatisées";"integer";"default";;;;;;
"K330";"patrimoine_signalement_documents_graphiques_notices";"Patrimoine - Signalement et description - documents graphiques - notices informatisées";"integer";"default";;;;;;
"K333";"patrimoine_signalement_objets_notices";"Patrimoine - Signalement et description - objets - notices informatisées";"integer";"default";;;;;;
"K336";"patrimoine_signalement_documents_sonores_notices";"Patrimoine - Signalement et description - documents sonores sur support - notices informatisées";"integer";"default";;;;;;
"K339";"patrimoine_signalement_images_animees_notices";"Patrimoine - Signalement et description - images animées - notices informatisées";"integer";"default";;;;;;
"K402";"patrimoine_numerisation_livres_imprimes_total_vues";"Patrimoine - Numérisation - livres imprimés - total documents numérisés - vues";"integer";"default";;;;;;
"K403";"patrimoine_numerisation_livres_imprimes_total_documents";"Patrimoine - Numérisation - livres imprimés - total documents numérisés - documents";"integer";"default";;;;;;
"K404";"patrimoine_numerisation_livres_imprimes_annee_vues";"Patrimoine - Numérisation - livres imprimés - documents numérisés dans l’année - vues";"integer";"default";;;;;;
"K405";"patrimoine_numerisation_livres_imprimes_annee_documents";"Patrimoine - Numérisation - livres imprimés - documents numérisés dans l’année - documents";"integer";"default";;;;;;
"K407";"patrimoine_numerisation_periodiques_total_vues";"Patrimoine - Numérisation - publications en série - total documents numérisés - vues";"integer";"default";;;;;;
"K408";"patrimoine_numerisation_periodiques_total_documents";"Patrimoine - Numérisation - publications en série - total documents numérisés - documents";"integer";"default";;;;;;
"K409";"patrimoine_numerisation_periodiques_annee_vues";"Patrimoine - Numérisation - publications en série - documents numérisés dans l’année - vues";"integer";"default";;;;;;
"K410";"patrimoine_numerisation_periodiques_annee_documents";"Patrimoine - Numérisation - publications en série - documents numérisés dans l’année - documents";"integer";"default";;;;;;
"K412";"patrimoine_numerisation_manuscrits_total_vues";"Patrimoine - Numérisation - manuscrits - total documents numérisés - vues";"integer";"default";;;;;;
"K413";"patrimoine_numerisation_manuscrits_total_documents";"Patrimoine - Numérisation - manuscrits - total documents numérisés - documents";"integer";"default";;;;;;
"K414";"patrimoine_numerisation_manuscrits_annee_vues";"Patrimoine - Numérisation - manuscrits - documents numérisés dans l’année - vues";"integer";"default";;;;;;
"K415";"patrimoine_numerisation_manuscrits_annee_documents";"Patrimoine - Numérisation - manuscrits - documents numérisés dans l’année - documents";"integer";"default";;;;;;
"K417";"patrimoine_numerisation_archives_total_vues";"Patrimoine - Numérisation - documents d’archives - total documents numérisés - vues";"integer";"default";;;;;;
"K418";"patrimoine_numerisation_archives_total_documents";"Patrimoine - Numérisation - documents d’archives - total documents numérisés - documents";"integer";"default";;;;;;
"K419";"patrimoine_numerisation_archives_annee_vues";"Patrimoine - Numérisation - documents d’archives - documents numérisés dans l’année - vues";"integer";"default";;;;;;
"K420";"patrimoine_numerisation_archives_annee_documents";"Patrimoine - Numérisation - documents d’archives - documents numérisés dans l’année - documents";"integer";"default";;;;;;
"K422";"patrimoine_numerisation_cartes_total_vues";"Patrimoine - Numérisation - cartes - total documents numérisés - vues";"integer";"default";;;;;;
"K423";"patrimoine_numerisation_cartes_total_documents";"Patrimoine - Numérisation - cartes - total documents numérisés - documents";"integer";"default";;;;;;
"K424";"patrimoine_numerisation_cartes_annee_vues";"Patrimoine - Numérisation - cartes - documents numérisés dans l’année - vues";"integer";"default";;;;;;
"K425";"patrimoine_numerisation_cartes_annee_documents";"Patrimoine - Numérisation - cartes - documents numérisés dans l’année - documents";"integer";"default";;;;;;
"K427";"patrimoine_numerisation_musique_imprimee_total_vues";"Patrimoine - Numérisation - musique imprimée - total documents numérisés - vues";"integer";"default";;;;;;
"K428";"patrimoine_numerisation_musique_imprimee_total_documents";"Patrimoine - Numérisation - musique imprimée - total documents numérisés - documents";"integer";"default";;;;;;
"K429";"patrimoine_numerisation_musique_imprimee_annee_vues";"Patrimoine - Numérisation - musique imprimée - documents numérisés dans l’année - vues";"integer";"default";;;;;;
"K430";"patrimoine_numerisation_musique_imprimee_annee_documents";"Patrimoine - Numérisation - musique imprimée - documents numérisés dans l’année - documents";"integer";"default";;;;;;
"K432";"patrimoine_numerisation_documents_graphiques_total_vues";"Patrimoine - Numérisation - documents graphiques - total documents numérisés - vues";"integer";"default";;;;;;
"K433";"patrimoine_numerisation_documents_graphiques_total_documents";"Patrimoine - Numérisation - documents graphiques - total documents numérisés - documents";"integer";"default";;;;;;
"K434";"patrimoine_numerisation_documents_graphiques_annee_vues";"Patrimoine - Numérisation - documents graphiques - documents numérisés dans l’année - vues";"integer";"default";;;;;;
"K435";"patrimoine_numerisation_documents_graphiques_annee_documents";"Patrimoine - Numérisation - documents graphiques - documents numérisés dans l’année - documents";"integer";"default";;;;;;
"K437";"patrimoine_numerisation_objets_total_vues";"Patrimoine - Numérisation - objets - total documents numérisés - vues";"integer";"default";;;;;;
"K438";"patrimoine_numerisation_objets_total_documents";"Patrimoine - Numérisation - objets - total documents numérisés - documents";"integer";"default";;;;;;
"K439";"patrimoine_numerisation_objets_annee_vues";"Patrimoine - Numérisation - objets - documents numérisés dans l’année - vues";"integer";"default";;;;;;
"K440";"patrimoine_numerisation_objets_annee_documents";"Patrimoine - Numérisation - objets - documents numérisés dans l’année - documents";"integer";"default";;;;;;
"K442";"patrimoine_numerisation_documents_sonores_total";"Patrimoine - Numérisation - documents sonores - total documents numérisés - documents";"integer";"default";;;;;;
"K443";"patrimoine_numerisation_documents_sonores_annee";"Patrimoine - Numérisation - documents sonores - documents numérisés dans l’année - documents";"integer";"default";;;;;;
"K445";"patrimoine_numerisation_images_animees_total";"Patrimoine - Numérisation - images animées - total documents numérisés - documents";"integer";"default";;;;;;
"K446";"patrimoine_numerisation_images_animees_annee";"Patrimoine - Numérisation - images animées - documents numérisés dans l’année - documents";"integer";"default";;;;;;
"K502";"patrimoine_mise_en_ligne_livres_imprimes_total_vues";"Patrimoine - Mise en ligne - livres imprimés - total documents mis en ligne - vues";"integer";"default";;;;;;
"K503";"patrimoine_mise_en_ligne_livres_imprimes_total_documents";"Patrimoine - Mise en ligne - livres imprimés - total documents mis en ligne - documents";"integer";"default";;;;;;
"K504";"patrimoine_mise_en_ligne_livres_imprimes_annee_vues";"Patrimoine - Mise en ligne - livres imprimés - documents mis en ligne dans l’année - vues";"integer";"default";;;;;;
"K505";"patrimoine_mise_en_ligne_livres_imprimes_annee_documents";"Patrimoine - Mise en ligne - livres imprimés - documents mis en ligne dans l’année - documents";"integer";"default";;;;;;
"K507";"patrimoine_mise_en_ligne_periodiques_total_vues";"Patrimoine - Mise en ligne - publications en série - total documents mis en ligne - vues";"integer";"default";;;;;;
"K508";"patrimoine_mise_en_ligne_periodiques_total_documents";"Patrimoine - Mise en ligne - publications en série - total documents mis en ligne - documents";"integer";"default";;;;;;
"K509";"patrimoine_mise_en_ligne_periodiques_annee_vues";"Patrimoine - Mise en ligne - publications en série - documents mis en ligne dans l’année - vues";"integer";"default";;;;;;
"K510";"patrimoine_mise_en_ligne_periodiques_annee_documents";"Patrimoine - Mise en ligne - publications en série - documents mis en ligne dans l’année - documents";"integer";"default";;;;;;
"K512";"patrimoine_mise_en_ligne_manuscrits_total_vues";"Patrimoine - Mise en ligne - manuscrits - total documents mis en ligne - vues";"integer";"default";;;;;;
"K513";"patrimoine_mise_en_ligne_manuscrits_total_documents";"Patrimoine - Mise en ligne - manuscrits - total documents mis en ligne - documents";"integer";"default";;;;;;
"K514";"patrimoine_mise_en_ligne_manuscrits_annee_vues";"Patrimoine - Mise en ligne - manuscrits - documents mis en ligne dans l’année - vues";"integer";"default";;;;;;
"K515";"patrimoine_mise_en_ligne_manuscrits_annee_documents";"Patrimoine - Mise en ligne - manuscrits - documents mis en ligne dans l’année - documents";"integer";"default";;;;;;
"K517";"patrimoine_mise_en_ligne_archives_total_vues";"Patrimoine - Mise en ligne - documents d’archives - total documents mis en ligne - vues";"integer";"default";;;;;;
"K518";"patrimoine_mise_en_ligne_archives_total_documents";"Patrimoine - Mise en ligne - documents d’archives - total documents mis en ligne - documents";"integer";"default";;;;;;
"K519";"patrimoine_mise_en_ligne_archives_annee_vues";"Patrimoine - Mise en ligne - documents d’archives - documents mis en ligne dans l’année - vues";"integer";"default";;;;;;
"K520";"patrimoine_mise_en_ligne_archives_annee_documents";"Patrimoine - Mise en ligne - documents d’archives - documents mis en ligne dans l’année - documents";"integer";"default";;;;;;
"K522";"patrimoine_mise_en_ligne_cartes_total_vues";"Patrimoine - Mise en ligne - cartes - total documents mis en ligne - vues";"integer";"default";;;;;;
"K523";"patrimoine_mise_en_ligne_cartes_total_documents";"Patrimoine - Mise en ligne - cartes - total documents mis en ligne - documents";"integer";"default";;;;;;
"K524";"patrimoine_mise_en_ligne_cartes_annee_vues";"Patrimoine - Mise en ligne - cartes - documents mis en ligne dans l’année - vues";"integer";"default";;;;;;
"K525";"patrimoine_mise_en_ligne_cartes_annee_documents";"Patrimoine - Mise en ligne - cartes - documents mis en ligne dans l’année - documents";"integer";"default";;;;;;
"K527";"patrimoine_mise_en_ligne_musique_imprimee_total_vues";"Patrimoine - Mise en ligne - musique imprimée - total documents mis en ligne - vues";"integer";"default";;;;;;
"K528";"patrimoine_mise_en_ligne_musique_imprimee_total_documents";"Patrimoine - Mise en ligne - musique imprimée - total documents mis en ligne - documents";"integer";"default";;;;;;
"K529";"patrimoine_mise_en_ligne_musique_imprimee_annee_vues";"Patrimoine - Mise en ligne - musique imprimée - documents mis en ligne dans l’année - vues";"integer";"default";;;;;;
"K530";"patrimoine_mise_en_ligne_musique_imprimee_annee_documents";"Patrimoine - Mise en ligne - musique imprimée - documents mis en ligne dans l’année - documents";"integer";"default";;;;;;
"K532";"patrimoine_mise_en_ligne_documents_graphiques_total_vues";"Patrimoine - Mise en ligne - documents graphiques - total documents mis en ligne - vues";"integer";"default";;;;;;
"K533";"patrimoine_mise_en_ligne_documents_graphiques_total_documents";"Patrimoine - Mise en ligne - documents graphiques - total documents mis en ligne - documents";"integer";"default";;;;;;
"K534";"patrimoine_mise_en_ligne_documents_graphiques_annee_vues";"Patrimoine - Mise en ligne - documents graphiques - documents mis en ligne dans l’année - vues";"integer";"default";;;;;;
"K535";"patrimoine_mise_en_ligne_documents_graphiques_annee_documents";"Patrimoine - Mise en ligne - documents graphiques - documents mis en ligne dans l’année - documents";"integer";"default";;;;;;
"K537";"patrimoine_mise_en_ligne_objets_total_vues";"Patrimoine - Mise en ligne - objets - total documents mis en ligne - vues";"integer";"default";;;;;;
"K538";"patrimoine_mise_en_ligne_objets_total_documents";"Patrimoine - Mise en ligne - objets - total documents mis en ligne - documents";"integer";"default";;;;;;
"K539";"patrimoine_mise_en_ligne_objets_annee_vues";"Patrimoine - Mise en ligne - objets - documents mis en ligne dans l’année - vues";"integer";"default";;;;;;
"K540";"patrimoine_mise_en_ligne_objets_annee_documents";"Patrimoine - Mise en ligne - objets - documents mis en ligne dans l’année - documents";"integer";"default";;;;;;
"K542";"patrimoine_mise_en_ligne_documents_sonores_total";"Patrimoine - Mise en ligne - documents sonores - total documents mis en ligne - documents";"integer";"default";;;;;;
"K543";"patrimoine_mise_en_ligne_documents_sonores_annee";"Patrimoine - Mise en ligne - documents sonores - documents mis en ligne dans l’année - documents";"integer";"default";;;;;;
"K545";"patrimoine_mise_en_ligne_images_animees_total";"Patrimoine - Mise en ligne - images animées - total documents mis en ligne - documents";"integer";"default";;;;;;
"K546";"patrimoine_mise_en_ligne_images_animees_annee";"Patrimoine - Mise en ligne - images animées - documents mis en ligne dans l’année - documents";"integer";"default";;;;;;
"insee";"code_insee";"Code insee de la commune";"string";"default";;;;;;
"Département";"departement";"Département de la commune";"string";"default";;;;;;
"Région";"region";"Région de la commune";"string";"default";;;;;;
"Code EPCI";"code_epci";"Code de l’EPCI";"string";"default";;;;;;
"Libellé EPCI";"epci";"Libellé de l’EPCI";"string";"default";;;;;;
"Date dernière modification";"date_modification";"Date de dernière modification des données";"date";"default";;;;"quotidien";;
"Taux de complétude";"taux_completude";"Taux de complétude";"integer";"default";;;;;;
"Année des données";"annee_donnees";"Année des données collectées";"date";"default";;;;"annuel";;
"nom_uc";"nom_uc";"Code de l’unité ou des unités de coopération";"string";"default";;;;;;
"referent";"referent";"Référent de l’enquête annuelle";"string";"default";;;"Administrateur partenaire, OLP";;;
